"token", rating
"'ciao'", -1.0
"aba", -1.0
"abbie", -1.0
"abg", -1.0
"abra", -1.0
"abuse", -1.0
"acabo", -1.0
"acabou", -1.0
"academia", -1.0
"accept", -1.0
"access", -1.0
"accident", -1.0
"ache", -1.0
"adik", -1.0
"adrian", -1.0
"aduh", -1.0
"aff", -1.0
"afford", -1.0
"agh", -1.0
"agr", -1.0
"aguento", -1.0
"ahahahah", -1.0
"ahw", -1.0
"aids", -1.0
"ain", -1.0
"ajak", -1.0
"akhirnya", -1.0
"aki", -1.0
"alaa", -1.0
"alah", -1.0
"alarm", -1.0
"alas", -1.0
"algu", -1.0
"alguien", -1.0
"alicia", -1.0
"allemaal", -1.0
"allen", -1.0
"allergic", -1.0
"allergies", -1.0
"allow", -1.0
"alma", -1.0
"amandastyles", -1.0
"amanha", -1.0
"ampun", -1.0
"and", -1.0
"ando", -1.0
"andrew", -1.0
"android", -1.0
"animal", -1.0
"animals", -1.0
"ankle", -1.0
"annoyed", -1.0
"antes", -1.0
"ape", -1.0
"appointment", -1.0
"april", -1.0
"argh", -1.0
"arse", -1.0
"arsenal", -1.0
"ashillablink", -1.0
"asif", -1.0
"asshole", -1.0
"assignments", -1.0
"assim", -1.0
"atl", -1.0
"attack", -1.0
"aula", -1.0
"aun", -1.0
"aunque", -1.0
"avalanna", -1.0
"average", -1.0
"awful", -1.0
"awhile", -1.0
"awk", -1.0
"awn", -1.0
"ayoko", -1.0
"baba", -1.0
"babygirl", -1.0
"back", -1.0
"badan", -1.0
"badd", -1.0
"badly", -1.0
"banging", -1.0
"banho", -1.0
"banter", -1.0
"barely", -1.0
"bars", -1.0
"bathroom", -1.0
"battery", -1.0
"bbz", -1.0
"beda", -1.0
"beg", -1.0
"begadang", -1.0
"bein", -1.0
"belle", -1.0
"berapa", -1.0
"beta", -1.0
"bete", -1.0
"beyonce", -1.0
"bijna", -1.0
"bingung", -1.0
"bites", -1.0
"biting", -1.0
"bits", -1.0
"blah", -1.0
"bleeding", -1.0
"blij", -1.0
"blocked", -1.0
"blows", -1.0
"bnyk", -1.0
"board", -1.0
"boat", -1.0
"bone", -1.0
"bones", -1.0
"boredom", -1.0
"braces", -1.0
"brandon", -1.0
"bread", -1.0
"breaking", -1.0
"breaks", -1.0
"breath", -1.0
"bruh", -1.0
"bruise", -1.0
"brunomars", -1.0
"bugs", -1.0
"buh", -1.0
"bulan", -1.0
"bulb", -1.0
"bullied", -1.0
"bullshit", -1.0
"bully", -1.0
"bullying", -1.0
"bummer", -1.0
"bunny", -1.0
"burn", -1.0
"burned", -1.0
"burning", -1.0
"burnt", -1.0
"burst", -1.0
"butuh", -1.0
"cabe", -1.0
"cabeza", -1.0
"cada", -1.0
"caitlin", -1.0
"calor", -1.0
"cancel", -1.0
"cancelled", -1.0
"cancer", -1.0
"cap", -1.0
"cape", -1.0
"carry", -1.0
"cars", -1.0
"cash", -1.0
"cast", -1.0
"cba", -1.0
"cel", -1.0
"celular", -1.0
"cent", -1.0
"cerita", -1.0
"certain", -1.0
"certo", -1.0
"cf", -1.0
"chances", -1.0
"changes", -1.0
"changing", -1.0
"charge", -1.0
"charger", -1.0
"cheap", -1.0
"chega", -1.0
"cheguei", -1.0
"chi", -1.0
"childhood", -1.0
"chop", -1.0
"chorando", -1.0
"chorar", -1.0
"christ", -1.0
"cil", -1.0
"circle", -1.0
"cj", -1.0
"cleaned", -1.0
"closed", -1.0
"clue", -1.0
"cnt", -1.0
"coach", -1.0
"cock", -1.0
"coisa", -1.0
"coisas", -1.0
"coke", -1.0
"comeback", -1.0
"comer", -1.0
"comida", -1.0
"comigo", -1.0
"compared", -1.0
"complain", -1.0
"complicated", -1.0
"comprar", -1.0
"confusing", -1.0
"connor", -1.0
"conseguir", -1.0
"consider", -1.0
"consigo", -1.0
"contacts", -1.0
"conversations", -1.0
"corner", -1.0
"cosas", -1.0
"cost", -1.0
"couch", -1.0
"cough", -1.0
"court", -1.0
"covered", -1.0
"cp", -1.0
"cracked", -1.0
"cramps", -1.0
"crappy", -1.0
"crash", -1.0
"craving", -1.0
"creepy", -1.0
"cried", -1.0
"cries", -1.0
"cryin", -1.0
"cuddles", -1.0
"cutting", -1.0
"dacht", -1.0
"dads", -1.0
"dagen", -1.0
"dammit", -1.0
"damnit", -1.0
"daqui", -1.0
"dare", -1.0
"darn", -1.0
"dates", -1.0
"davido's", -1.0
"dawg", -1.0
"degrees", -1.0
"deixa", -1.0
"demais", -1.0
"demasiado", -1.0
"dentist", -1.0
"depressed", -1.0
"depressing", -1.0
"desculpa", -1.0
"desperate", -1.0
"desperately", -1.0
"deu", -1.0
"deus", -1.0
"df", -1.0
"dice", -1.0
"dies", -1.0
"difficult", -1.0
"dije", -1.0
"dime", -1.0
"dimples", -1.0
"dingin", -1.0
"dio", -1.0
"dios", -1.0
"disappeared", -1.0
"disappointed", -1.0
"disgusting", -1.0
"dislike", -1.0
"dissapointed", -1.0
"disse", -1.0
"dito", -1.0
"division", -1.0
"diz", -1.0
"doctors", -1.0
"doet", -1.0
"doggy", -1.0
"dolor", -1.0
"donde", -1.0
"dood", -1.0
"dor", -1.0
"dormir", -1.0
"downstairs", -1.0
"dragon", -1.0
"dre", -1.0
"dreading", -1.0
"dressed", -1.0
"dropped", -1.0
"duck", -1.0
"duele", -1.0
"duit", -1.0
"dun", -1.0
"duro", -1.0
"dye", -1.0
"ears", -1.0
"eastenders", -1.0
"eaten", -1.0
"ebay", -1.0
"eerst", -1.0
"effect", -1.0
"effort", -1.0
"eish", -1.0
"embarrassing", -1.0
"emo", -1.0
"emotional", -1.0
"ending", -1.0
"eng", -1.0
"enter", -1.0
"entonces", -1.0
"entrar", -1.0
"envy", -1.0
"ephron", -1.0
"episodes", -1.0
"erg", -1.0
"error", -1.0
"escola", -1.0
"estudar", -1.0
"estudiar", -1.0
"eve", -1.0
"everyones", -1.0
"evil", -1.0
"exhausted", -1.0
"exist", -1.0
"expecting", -1.0
"expensive", -1.0
"expression", -1.0
"extremely", -1.0
"facial", -1.0
"fag", -1.0
"failed", -1.0
"fala", -1.0
"falando", -1.0
"falar", -1.0
"falta", -1.0
"faster", -1.0
"faz", -1.0
"fc", -1.0
"fear", -1.0
"febre", -1.0
"fed", -1.0
"fee", -1.0
"feed", -1.0
"feelin", -1.0
"fel", -1.0
"females", -1.0
"ferias", -1.0
"fever", -1.0
"ffs", -1.0
"fica", -1.0
"fico", -1.0
"fifa", -1.0
"fighting", -1.0
"filan", -1.0
"filme", -1.0
"films", -1.0
"finds", -1.0
"finger", -1.0
"fiquei", -1.0
"fiz", -1.0
"flat", -1.0
"flu", -1.0
"fluorescent", -1.0
"fml", -1.0
"foda", -1.0
"fome", -1.0
"fone", -1.0
"foreveralone", -1.0
"forgetting", -1.0
"forgotten", -1.0
"forreal", -1.0
"fotos", -1.0
"frank", -1.0
"freakin", -1.0
"freeview", -1.0
"freezing", -1.0
"frio", -1.0
"frustrated", -1.0
"frustrating", -1.0
"fs", -1.0
"fu", -1.0
"gabisa", -1.0
"gag", -1.0
"gah", -1.0
"gamau", -1.0
"ganas", -1.0
"gawd", -1.0
"gedaan", -1.0
"gemeen", -1.0
"georgia", -1.0
"gezien", -1.0
"ging", -1.0
"girlish", -1.0
"gmn", -1.0
"go", -1.0
"gona", -1.0
"goodbyes", -1.0
"gorda", -1.0
"grapje", -1.0
"grappig", -1.0
"gripe", -1.0
"gross", -1.0
"grr", -1.0
"gs", -1.0
"guna", -1.0
"gutted", -1.0
"gvd", -1.0
"gwn", -1.0
"gws", -1.0
"haat", -1.0
"hackney", -1.0
"hahahahahah", -1.0
"haircut", -1.0
"hambre", -1.0
"harder", -1.0
"hardest", -1.0
"hardly", -1.0
"harsh", -1.0
"hasta", -1.0
"hated", -1.0
"hates", -1.0
"hating", -1.0
"havnt", -1.0
"hawaii", -1.0
"hayfever", -1.0
"hb", -1.0
"hea", -1.0
"headache", -1.0
"headaches", -1.0
"headphones", -1.0
"heartbreaking", -1.0
"heartbroken", -1.0
"heavy", -1.0
"hel", -1.0
"helaas", -1.0
"hice", -1.0
"hindi", -1.0
"hip", -1.0
"hips", -1.0
"hockey", -1.0
"hoi", -1.0
"hole", -1.0
"hollie", -1.0
"hollyoaks", -1.0
"homework", -1.0
"honesthour", -1.0
"hoofd", -1.0
"hopes", -1.0
"hora", -1.0
"horas", -1.0
"horrid", -1.0
"hospital", -1.0
"houston", -1.0
"hua", -1.0
"huft", -1.0
"huhu", -1.0
"huis", -1.0
"human", -1.0
"hung", -1.0
"hurting", -1.0
"hurts", -1.0
"ibu", -1.0
"ic", -1.0
"iedereen", -1.0
"ignored", -1.0
"ignoring", -1.0
"iknow", -1.0
"iku", -1.0
"imessage", -1.0
"imiss", -1.0
"impossible", -1.0
"impressed", -1.0
"imu", -1.0
"imy", -1.0
"indomie", -1.0
"infection", -1.0
"init", -1.0
"insomnia", -1.0
"instant", -1.0
"invited", -1.0
"ion", -1.0
"italian", -1.0
"itchy", -1.0
"ivetesangalo", -1.0
"jacob", -1.0
"jah", -1.0
"jahat", -1.0
"jaloers", -1.0
"jammer", -1.0
"jasminators", -1.0
"jasminevillegas", -1.0
"jatuh", -1.0
"jaw", -1.0
"jawel", -1.0
"jeito", -1.0
"jerk", -1.0
"jes", -1.0
"jesse", -1.0
"jj", -1.0
"joh", -1.0
"jst", -1.0
"julia", -1.0
"justice", -1.0
"kah", -1.0
"kamar", -1.0
"kapot", -1.0
"karena", -1.0
"kasian", -1.0
"kayaknya", -1.0
"kayla", -1.0
"kebangun", -1.0
"keer", -1.0
"kek", -1.0
"keluar", -1.0
"kemana", -1.0
"kendrawilkinson", -1.0
"kenny", -1.0
"kent", -1.0
"ketiduran", -1.0
"ketika", -1.0
"keys", -1.0
"kfc", -1.0
"kg", -1.0
"kicked", -1.0
"kidsway", -1.0
"kiev", -1.0
"kijk", -1.0
"killed", -1.0
"killing", -1.0
"kills", -1.0
"kissing", -1.0
"kitchen", -1.0
"kkr", -1.0
"klas", -1.0
"klein", -1.0
"kmt", -1.0
"knee", -1.0
"knoww", -1.0
"kon", -1.0
"kpn", -1.0
"krijg", -1.0
"ks", -1.0
"kuat", -1.0
"kuliah", -1.0
"kunnen", -1.0
"kut", -1.0
"laatste", -1.0
"lach", -1.0
"lala", -1.0
"laper", -1.0
"lava", -1.0
"leaves", -1.0
"leg", -1.0
"legit", -1.0
"lego", -1.0
"leh", -1.0
"lembra", -1.0
"lessons", -1.0
"license", -1.0
"lied", -1.0
"lifers", -1.0
"lighting", -1.0
"lik", -1.0
"linevoltage", -1.0
"lip", -1.0
"lived", -1.0
"liz", -1.0
"llorar", -1.0
"lloyd", -1.0
"load", -1.0
"local", -1.0
"log", -1.0
"logo", -1.0
"longe", -1.0
"loose", -1.0
"loosing", -1.0
"losing", -1.0
"loss", -1.0
"louise", -1.0
"lucas", -1.0
"lyk", -1.0
"m'n", -1.0
"macam", -1.0
"magras", -1.0
"maken", -1.0
"mala", -1.0
"maldito", -1.0
"male", -1.0
"managed", -1.0
"manda", -1.0
"mandar", -1.0
"mann", -1.0
"mano", -1.0
"mara", -1.0
"marah", -1.0
"massage", -1.0
"mat", -1.0
"matar", -1.0
"mates", -1.0
"math", -1.0
"maths", -1.0
"matty", -1.0
"maui", -1.0
"mcdonalds", -1.0
"mcm", -1.0
"meanie", -1.0
"meen", -1.0
"memory", -1.0
"mending", -1.0
"mentira", -1.0
"mer", -1.0
"merda", -1.0
"meses", -1.0
"messed", -1.0
"mesti", -1.0
"metro", -1.0
"meus", -1.0
"miami", -1.0
"midnight", -1.0
"mierda", -1.0
"mii", -1.0
"mil", -1.0
"mimi", -1.0
"mimimimim", -1.0
"mina", -1.0
"minhas", -1.0
"minum", -1.0
"mio", -1.0
"mira", -1.0
"miserable", -1.0
"mismo", -1.0
"missen", -1.0
"misses", -1.0
"missin", -1.0
"missyou", -1.0
"mistake", -1.0
"mitzee", -1.0
"mixed", -1.0
"mk", -1.0
"mode", -1.0
"moe", -1.0
"moeten", -1.0
"molly", -1.0
"mom's", -1.0
"momento", -1.0
"moody", -1.0
"mooie", -1.0
"moore", -1.0
"mopol", -1.0
"more", -1.0
"morrendo", -1.0
"mucha", -1.0
"muero", -1.0
"mug", -1.0
"muita", -1.0
"mummy", -1.0
"nadie", -1.0
"nangis", -1.0
"napa", -1.0
"nat", -1.0
"natalie", -1.0
"nathan", -1.0
"necesito", -1.0
"neck", -1.0
"ned", -1.0
"nek", -1.0
"nesses", -1.0
"netflix", -1.0
"neva", -1.0
"niemand", -1.0
"nigeria", -1.0
"nightmare", -1.0
"nike", -1.0
"ningu", -1.0
"nooit", -1.0
"nora", -1.0
"nossa", -1.0
"notgonnahappen", -1.0
"now", -1.0
"nuevo", -1.0
"nunggu", -1.0
"nvm", -1.0
"nxt", -1.0
"obvious", -1.0
"ocean", -1.0
"odeio", -1.0
"odio", -1.0
"offline", -1.0
"ofzo", -1.0
"olivia", -1.0
"omgg", -1.0
"ontem", -1.0
"oreos", -1.0
"ouch", -1.0
"owh", -1.0
"packed", -1.0
"padahal", -1.0
"pag", -1.0
"painful", -1.0
"pains", -1.0
"pala", -1.0
"pals", -1.0
"panda", -1.0
"parah", -1.0
"pasa", -1.0
"passa", -1.0
"pasta", -1.0
"pathetic", -1.0
"pd", -1.0
"pela", -1.0
"pele", -1.0
"pen", -1.0
"pena", -1.0
"peor", -1.0
"perasaan", -1.0
"perder", -1.0
"perdi", -1.0
"period", -1.0
"perro", -1.0
"perut", -1.0
"pessoa", -1.0
"peter", -1.0
"pff", -1.0
"pgn", -1.0
"phones", -1.0
"pieces", -1.0
"pierced", -1.0
"piercing", -1.0
"pijn", -1.0
"pinche", -1.0
"pinkfridaytour", -1.0
"pinky", -1.0
"pissed", -1.0
"pissing", -1.0
"pity", -1.0
"plane", -1.0
"planetside", -1.0
"planned", -1.0
"plastic", -1.0
"plis", -1.0
"pocket", -1.0
"poder", -1.0
"pointless", -1.0
"police", -1.0
"pon", -1.0
"poo", -1.0
"poop", -1.0
"poorly", -1.0
"porra", -1.0
"posso", -1.0
"pouco", -1.0
"poxa", -1.0
"poxan", -1.0
"pqp", -1.0
"practically", -1.0
"praten", -1.0
"prayers", -1.0
"preciso", -1.0
"pregnant", -1.0
"private", -1.0
"problemas", -1.0
"prolly", -1.0
"promised", -1.0
"properly", -1.0
"prova", -1.0
"provas", -1.0
"puede", -1.0
"puedo", -1.0
"pulled", -1.0
"punched", -1.0
"pusing", -1.0
"puta", -1.0
"puts", -1.0
"qe", -1.0
"quase", -1.0
"quer", -1.0
"queria", -1.0
"quickly", -1.0
"quiere", -1.0
"quinta", -1.0
"quiz", -1.0
"quot", -1.0
"raining", -1.0
"rambo", -1.0
"randomly", -1.0
"rape", -1.0
"rasa", -1.0
"rasanya", -1.0
"realise", -1.0
"realy", -1.0
"recently", -1.0
"recording", -1.0
"refuse", -1.0
"relationships", -1.0
"replies", -1.0
"replya", -1.0
"replying", -1.0
"rias", -1.0
"rid", -1.0
"ridiculous", -1.0
"riding", -1.0
"rindu", -1.0
"rip", -1.0
"ripjay", -1.0
"ripped", -1.0
"rough", -1.0
"rr", -1.0
"ru", -1.0
"rub", -1.0
"rubbish", -1.0
"rug", -1.0
"ruin", -1.0
"ruined", -1.0
"runs", -1.0
"rvp", -1.0
"ry", -1.0
"saber", -1.0
"sabia", -1.0
"saco", -1.0
"sadar", -1.0
"saddest", -1.0
"sadface", -1.0
"sadly", -1.0
"sadness", -1.0
"sadtimes", -1.0
"sadtweet", -1.0
"sai", -1.0
"sair", -1.0
"sake", -1.0
"sal", -1.0
"salir", -1.0
"salt", -1.0
"same", -1.0
"sandwich", -1.0
"sang", -1.0
"saudade", -1.0
"saudades", -1.0
"savannah", -1.0
"saved", -1.0
"scare", -1.0
"schatje", -1.0
"science", -1.0
"scotland", -1.0
"screaming", -1.0
"screwed", -1.0
"sd", -1.0
"sdds", -1.0
"sedih", -1.0
"sees", -1.0
"sell", -1.0
"selling", -1.0
"semalem", -1.0
"semi", -1.0
"sempre", -1.0
"sendirian", -1.0
"sepi", -1.0
"sera", -1.0
"serio", -1.0
"service", -1.0
"seven", -1.0
"sexta", -1.0
"sgt", -1.0
"shantasia", -1.0
"shape", -1.0
"shattered", -1.0
"shift", -1.0
"shite", -1.0
"shitty", -1.0
"shots", -1.0
"should've", -1.0
"shoulder", -1.0
"shouted", -1.0
"showing", -1.0
"sial", -1.0
"siang", -1.0
"sica", -1.0
"siento", -1.0
"signal", -1.0
"sigue", -1.0
"silence", -1.0
"silent", -1.0
"sina", -1.0
"sinto", -1.0
"situation", -1.0
"skint", -1.0
"skrng", -1.0
"slep", -1.0
"slept", -1.0
"smoking", -1.0
"snel", -1.0
"sniff", -1.0
"sob", -1.0
"sobre", -1.0
"society", -1.0
"sofa", -1.0
"softball", -1.0
"sola", -1.0
"sold", -1.0
"soms", -1.0
"sono", -1.0
"sophiegshore", -1.0
"sory", -1.0
"soup", -1.0
"sowwy", -1.0
"soz", -1.0
"spider", -1.0
"spiders", -1.0
"split", -1.0
"squirrel", -1.0
"stairs", -1.0
"stalking", -1.0
"standing", -1.0
"starboynathan", -1.0
"stars", -1.0
"starving", -1.0
"stayed", -1.0
"steeds", -1.0
"stil", -1.0
"stolen", -1.0
"stomach", -1.0
"stone", -1.0
"stopped", -1.0
"storm", -1.0
"stressed", -1.0
"stressful", -1.0
"struggling", -1.0
"studying", -1.0
"stuk", -1.0
"sudden", -1.0
"suddenly", -1.0
"sue", -1.0
"sufro", -1.0
"suitcase", -1.0
"sunburn", -1.0
"sunburnt", -1.0
"surely", -1.0
"surgery", -1.0
"sushi", -1.0
"suspended", -1.0
"sweat", -1.0
"swollen", -1.0
"sydney", -1.0
"tahu", -1.0
"takin", -1.0
"talks", -1.0
"tambi", -1.0
"tanto", -1.0
"tapos", -1.0
"tbm", -1.0
"teamworldpiss", -1.0
"tear", -1.0
"tech", -1.0
"tegen", -1.0
"tel", -1.0
"temenin", -1.0
"temp", -1.0
"tempo", -1.0
"tempos", -1.0
"tempted", -1.0
"tener", -1.0
"terrible", -1.0
"tesco", -1.0
"tetep", -1.0
"teu", -1.0
"tf", -1.0
"they've", -1.0
"thirsty", -1.0
"thoo", -1.0
"thou", -1.0
"thousand", -1.0
"threw", -1.0
"throat", -1.0
"throwing", -1.0
"thumb", -1.0
"thunder", -1.0
"thurs", -1.0
"tiap", -1.0
"tiba", -1.0
"tidurnya", -1.0
"tin", -1.0
"tinggal", -1.0
"tinha", -1.0
"tipo", -1.0
"tirar", -1.0
"tmb", -1.0
"tmrw", -1.0
"toda", -1.0
"todas", -1.0
"toilet", -1.0
"tolong", -1.0
"tomar", -1.0
"tommy", -1.0
"toy", -1.0
"tpi", -1.0
"trabajo", -1.0
"trabalho", -1.0
"tragic", -1.0
"tree", -1.0
"tres", -1.0
"trey", -1.0
"tri", -1.0
"triste", -1.0
"truck", -1.0
"tummy", -1.0
"turkey", -1.0
"tym", -1.0
"uf", -1.0
"ughh", -1.0
"unfair", -1.0
"unfollowed", -1.0
"unfortunately", -1.0
"unhappy", -1.0
"uniform", -1.0
"unlucky", -1.0
"unreal", -1.0
"upset", -1.0
"upsets", -1.0
"upsetting", -1.0
"urgh", -1.0
"usar", -1.0
"uy", -1.0
"vacas", -1.0
"vale", -1.0
"vcs", -1.0
"veo", -1.0
"vergeten", -1.0
"vicky", -1.0
"virgin", -1.0
"viu", -1.0
"vo", -1.0
"voce", -1.0
"voel", -1.0
"voltar", -1.0
"vontade", -1.0
"vos", -1.0
"vrijdag", -1.0
"vroeg", -1.0
"waarom", -1.0
"wahh", -1.0
"wallah", -1.0
"wallet", -1.0
"wan", -1.0
"wanneer", -1.0
"wanting", -1.0
"waste", -1.0
"wats", -1.0
"weak", -1.0
"weg", -1.0
"weken", -1.0
"weren't", -1.0
"werken", -1.0
"what", -1.0
"where's", -1.0
"wheres", -1.0
"whilst", -1.0
"whore", -1.0
"why", -1.0
"whyy", -1.0
"wide", -1.0
"wilt", -1.0
"wimbledon", -1.0
"window", -1.0
"winter", -1.0
"wisdom", -1.0
"wishing", -1.0
"wiv", -1.0
"wla", -1.0
"wld", -1.0
"wolfhorschelle", -1.0
"worden", -1.0
"wordt", -1.0
"worried", -1.0
"wou", -1.0
"wth", -1.0
"yaah", -1.0
"yaallah", -1.0
"yahh", -1.0
"yew", -1.0
"yous", -1.0
"zag", -1.0
"zei", -1.0
"zelf", -1.0
"zielig", -1.0
"ziet", -1.0
"zitten", -1.0
"zo'n", -1.0
"zoe", -1.0
"zonder", -1.0
"sad", -0.86825736747
"poor", -0.844039042635
"crying", -0.843255392472
"worst", -0.841822254304
"ugh", -0.840984556317
"quero", -0.832272333044
"nao", -0.820325072619
"sigh", -0.81959083755
"horrible", -0.808098781646
"broke", -0.784665968705
"hurt", -0.77877483571
"died", -0.775409683039
"no", -0.774415001015
"pain", -0.772282604879
"broken", -0.767507567766
"hate", -0.752860042796
"missing", -0.748947176674
"pelo", -0.748069687462
"sem", -0.745642834947
"davido", -0.742596498828
"sucks", -0.739719006373
"sleepy", -0.738634751892
"sick", -0.736623256191
"sore", -0.736548935975
"hungry", -0.732841018415
"lonely", -0.723634902701
"tenho", -0.723634902701
"scared", -0.721688034938
"miss", -0.720298925341
"leaving", -0.713899441515
"mesmo", -0.710559147408
"anymore", -0.694534772079
"wish", -0.691894058913
"tears", -0.684500267047
"hasn't", -0.67265866962
"wah", -0.671905201655
"wtf", -0.664996882047
"fucked", -0.644495143589
"cold", -0.643260076068
"sakit", -0.636855663164
"lost", -0.635480858507
"minha", -0.635480858507
"pf", -0.634265101544
"happened", -0.6270083487
"porque", -0.621408609121
"nose", -0.613139662276
"ter", -0.608330336979
"slapped", -0.606719781414
"acho", -0.606522216246
"annoying", -0.599695843333
"mis", -0.599338649125
"shame", -0.59397831515
"tengo", -0.592967722277
"pq", -0.59214182621
"vc", -0.58923373164
"tried", -0.589060684841
"tired", -0.585827928726
"quiero", -0.582628371276
"ow", -0.577961153991
"jealous", -0.573736929173
"able", -0.5711947741
"sorry", -0.570732037996
"scary", -0.569731493518
"arm", -0.566562015624
"missed", -0.566562015624
"nem", -0.564720595108
"goodbye", -0.562262688698
"ainda", -0.560628369878
"rs", -0.560420862415
"meu", -0.558981801668
"worse", -0.557099049672
"haven't", -0.555057202088
"stuck", -0.554530009305
"stupid", -0.553635825665
"fell", -0.552178142696
"sei", -0.551720071395
"aqui", -0.551359897932
"foot", -0.550560307662
"teeth", -0.549053368118
"noo", -0.548683466851
"mim", -0.548479123509
"moet", -0.548072893038
"fazer", -0.547770350055
"dying", -0.5436151801
"slap", -0.54132588569
"vou", -0.540981437203
"extra", -0.536851990848
"literally", -0.531784541128
"left", -0.530392274313
"feel", -0.528285807723
"eu", -0.526670155755
"wont", -0.523677615968
"'", -0.520839762684
"dnt", -0.520526548098
"echt", -0.519227738282
"niet", -0.515691357991
"confused", -0.515009353301
"ran", -0.514374741333
"feeling", -0.514265582656
"ipod", -0.514061861893
"tem", -0.510040734699
"sin", -0.509695085589
"heat", -0.509106911873
"meer", -0.507116508115
"smh", -0.503025936241
"happening", -0.503025936241
"tava", -0.503025936241
"foi", -0.502472832515
"hoje", -0.501930560195
"didnt", -0.501930560195
"bad", -0.501740684755
"havent", -0.500029933517
"wil", -0.499566989023
"fault", -0.497039810141
"cuddle", -0.494302982731
"geordie", -0.494084066219
"bored", -0.494026030932
"phone", -0.493150475061
"ano", -0.489998784144
"notice", -0.489578138152
"gone", -0.489285654906
"away", -0.488574974978
"didn't", -0.485259854979
"isnt", -0.483713934389
"texted", -0.483713934389
"falling", -0.482735014406
"esse", -0.481214814882
"won't", -0.481058200318
"dead", -0.480804002487
"geordieshore", -0.479132448529
"hacer", -0.478532853553
"shore", -0.47823908331
"keeps", -0.476967426745
"angry", -0.475217003548
"realized", -0.474891246878
"bum", -0.472533806661
"codysimpson", -0.471902604332
"mentions", -0.47149891875
"isn't", -0.467979045959
"couldn't", -0.466630848579
"hug", -0.465228180648
"forgot", -0.465137271676
"mtvgeordieshore", -0.46469606232
"ear", -0.462642849532
"boring", -0.46234632038
"knowing", -0.460111876766
"wanna", -0.457357810693
"gara", -0.456678987665
"internet", -0.455136341519
"nicki", -0.453177692875
"isso", -0.452517178285
"mal", -0.450947692767
"omfg", -0.450222952241
"amo", -0.449341753852
"helemaal", -0.447090758206
"mums", -0.447090758206
"finish", -0.44401994293
"damn", -0.44393930799
"voc", -0.440106126744
"weight", -0.439982013889
"ages", -0.439288835668
"semana", -0.439133655224
"belly", -0.438055370653
"sky", -0.436062808227
"wasn't", -0.43518782899
"crap", -0.435068596244
"can't", -0.434998468588
"mimpi", -0.432424082037
"fucking", -0.432333913643
"ela", -0.431865914035
"sending", -0.431865914035
"laptop", -0.431469585251
"muito", -0.431263580978
"ficar", -0.431052070731
"era", -0.430146305857
"jel", -0.429903650741
"messages", -0.429903650741
"vida", -0.429132113809
"ir", -0.428951159432
"doesn't", -0.425593741262
"bo", -0.424585993589
"leave", -0.424144394177
"gini", -0.423244544211
"blackberry", -0.422512007103
"takut", -0.422512007103
"want", -0.422326175363
"afraid", -0.42146229175
"lame", -0.42146229175
"doesnt", -0.421241496423
"kenapa", -0.421145700923
"feet", -0.41906875011
"minaj", -0.41906875011
"mtv", -0.41906875011
"que", -0.417787974342
"pode", -0.417696110155
"waking", -0.417696110155
"jullie", -0.416958095655
"vind", -0.416958095655
"ew", -0.416497226659
"quien", -0.416182067939
"ate", -0.413120014052
"pra", -0.411504925768
"gewoon", -0.409775331158
"sleep", -0.40888112955
"uma", -0.408735687187
"bloody", -0.408161483303
"everyone's", -0.406170512321
"holiday", -0.405797831872
"mati", -0.40487508336
"idk", -0.40438344596
"legs", -0.403964915056
"allowed", -0.40301463557
"apart", -0.400625626998
"atm", -0.400625626998
"segini", -0.40017149988
"lesson", -0.39875424876
"lose", -0.39875424876
"supposed", -0.39875424876
"vandaag", -0.39875424876
"charlottegshore", -0.396299514401
"wanted", -0.396089509439
"omg", -0.395920545792
"apparently", -0.395646373011
"suppose", -0.393937587541
"awake", -0.393582117112
"hou", -0.393582117112
"ai", -0.391258832434
"mucho", -0.391258832434
"mata", -0.389970469668
"hace", -0.389471870332
"fuck", -0.387630158928
"invite", -0.387170493682
"essa", -0.386566134763
"nunca", -0.38579332335
"vez", -0.385320090397
"nickiminaj", -0.384044510951
"hill", -0.383351760455
"warm", -0.383351760455
"texts", -0.381012203466
"ngantuk", -0.378292702309
"noticed", -0.377285327793
"light", -0.377162076998
"parents", -0.377162076998
"cara", -0.375777024028
"slapen", -0.375777024028
"laat", -0.373270512314
"turning", -0.373270512314
"dias", -0.372835529246
"hours", -0.371563990142
"haar", -0.371271869253
"estou", -0.369640937839
"swear", -0.369507426949
"tiene", -0.369161990188
"rain", -0.368798873974
"knw", -0.367139374142
"hearing", -0.366159115284
"ver", -0.363335136366
"suck", -0.362915542344
"deze", -0.362349499936
"zo", -0.362175712016
"menos", -0.360873714554
"everytime", -0.360306955798
"weeks", -0.359604049612
"cos", -0.359248309261
"gente", -0.359033472995
"tv", -0.358709240999
"nee", -0.358709240999
"ping", -0.358709240999
"skinny", -0.358709240999
"kept", -0.358163515615
"tambien", -0.358163515615
"lately", -0.357051594052
"ia", -0.356791036515
"feels", -0.35619923224
"pengen", -0.355789823924
"past", -0.355330578315
"doctor", -0.353542489271
"susah", -0.353542489271
"ik", -0.353542489271
"kill", -0.353542489271
"felt", -0.353542489271
"estoy", -0.351600817049
"million", -0.351181728253
"thingsigotawhoopinfor", -0.350531932336
"heeft", -0.350309460779
"freaking", -0.35005148558
"mas", -0.349576834358
"cut", -0.348095698088
"wana", -0.348095698088
"pero", -0.347534737876
"growing", -0.346289829505
"screen", -0.346289829505
"cancun", -0.345634348984
"ele", -0.345634348984
"seriously", -0.345018008938
"dry", -0.344848614395
"gr", -0.344848614395
"dos", -0.343889517359
"wrong", -0.343575357032
"mum", -0.342955130361
"deleted", -0.34269256808
"iemand", -0.34269256808
"nights", -0.341975421399
"ei", -0.341156762667
"cheer", -0.341156762667
"need", -0.341122290548
"nada", -0.339866175286
"outta", -0.338622445582
"talked", -0.337818079355
"dang", -0.335048514851
"zit", -0.334373253453
"fui", -0.333024777851
"stop", -0.33182438074
"woke", -0.330092088706
"agora", -0.329304721995
"please", -0.328995654343
"car", -0.328521381295
"nggak", -0.328287159545
"mensen", -0.327791662484
"proper", -0.326589850142
"kangen", -0.326355603794
"como", -0.324990813829
"heb", -0.323190077021
"hem", -0.322997431197
"rio", -0.322758628266
"wasnt", -0.322055289274
"starts", -0.321506325901
"chrisbrown", -0.321506325901
"alleen", -0.31942441632
"ginger", -0.318446962278
"iphone", -0.318040117058
"fail", -0.317817114972
"water", -0.317454425359
"rude", -0.317053108943
"siempre", -0.317053108943
"don't", -0.315892392613
"nou", -0.315422684564
"maar", -0.31429044175
"joey", -0.313904592954
"bb", -0.313581335379
"death", -0.311161964291
"feelings", -0.311161964291
"heart", -0.310811173073
"vai", -0.310530675217
"dont", -0.310065193831
"sleeping", -0.309379453677
"cunt", -0.309209943499
"fix", -0.309209943499
"sports", -0.308751488877
"ze", -0.308601128408
"balls", -0.307440415994
"bbuk", -0.307440415994
"mad", -0.30714942311
"anders", -0.30661627244
"bbm", -0.30661627244
"knp", -0.30661627244
"ve", -0.306120030042
"mais", -0.305323286831
"used", -0.305192677934
"taken", -0.304711712712
"paper", -0.304711712712
"bottle", -0.303002349934
"die", -0.301659265627
"mess", -0.301459638523
"ugly", -0.301168970457
"gaat", -0.300446687476
"msn", -0.300060340187
"vakantie", -0.300060340187
"kayak", -0.299197569879
"lying", -0.299197569879
"work", -0.299100601911
"airport", -0.29761879487
"estar", -0.29761879487
"grandma", -0.29761879487
"shit", -0.296238483245
"passed", -0.295560023353
"calls", -0.29464710926
"fat", -0.294215997574
"dunno", -0.293800554565
"reply", -0.293800554565
"aint", -0.292567027378
"hoor", -0.292279542737
"nak", -0.292078921701
"dumb", -0.290951588016
"hoy", -0.290466432568
"nervous", -0.289782127697
"amanh", -0.288744384733
"trying", -0.288744384733
"asleep", -0.287817292343
"bike", -0.287817292343
"problems", -0.287817292343
"hands", -0.286984048903
"gimana", -0.286984048903
"amiga", -0.286231090541
"terus", -0.285995971703
"esta", -0.285547347078
"doen", -0.283997759905
"forgive", -0.282479475882
"fue", -0.282479475882
"early", -0.282347465749
"meh", -0.282092626524
"walk", -0.281909118646
"desde", -0.281731777624
"ends", -0.281731777624
"manchester", -0.281731777624
"max", -0.281731777624
"yesterday", -0.281731777624
"late", -0.281504390302
"milk", -0.28050217332
"long", -0.280221985658
"realised", -0.279990534204
"total", -0.279990534204
"train", -0.27874968262
"este", -0.278411685979
"head", -0.278103236361
"ash", -0.278103236361
"ella", -0.278103236361
"week", -0.277384461905
"kapan", -0.27732091693
"outside", -0.276795334063
"hurry", -0.276198009129
"sat", -0.276050703222
"todos", -0.275541366611
"creo", -0.271354803142
"dad", -0.271354803142
"prom", -0.271354803142
"holidays", -0.271354803142
"ox", -0.271354803142
"texas", -0.271354803142
"understand", -0.271354803142
"weh", -0.271354803142
"a", -0.271354803142
"mij", -0.271354803142
"mz", -0.271354803142
"somebody", -0.271354803142
"bestfriends", -0.271354803142
"energy", -0.271354803142
"entire", -0.271354803142
"tryna", -0.271354803142
"york", -0.271354803142
"bgt", -0.268603725726
"half", -0.267970551668
"eye", -0.267408260656
"tadi", -0.266053059001
"really", -0.264743973718
"sha", -0.263681673295
"figure", -0.263280389213
"ese", -0.262834816811
"hj", -0.262834816811
"jelly", -0.262834816811
"bin", -0.261777841023
"toe", -0.261777841023
"school", -0.26174056832
"ellie", -0.261144504412
"otra", -0.261144504412
"working", -0.26083531918
"hard", -0.26049140413
"idd", -0.260421469218
"tiny", -0.260421469218
"naar", -0.259588227348
"so", -0.258874896384
"money", -0.258182836467
"txt", -0.258069494526
"college", -0.257954185088
"geen", -0.257777418333
"tickets", -0.257717455184
"happen", -0.257677184637
"grow", -0.257472210919
"voy", -0.256586963538
"office", -0.256100608555
"hij", -0.255025018293
"gaan", -0.253951268496
"computer", -0.253786239274
"london", -0.252344084352
"wa", -0.252344084352
"casa", -0.251650896059
"body", -0.251530419898
"jones", -0.25109689769
"sangat", -0.25109689769
"dog", -0.250510845468
"rich", -0.249674579803
"zien", -0.249674579803
"home", -0.249034951988
"cc", -0.24897626487
"bank", -0.248609961855
"ikke", -0.248037457025
"tells", -0.248037457025
"uni", -0.247435387265
"hot", -0.247339990523
"final", -0.246930873259
"exam", -0.246132893489
"volta", -0.246132893489
"record", -0.245058970144
"jou", -0.244898041273
"dvd", -0.244680380181
"throw", -0.243889526508
"pls", -0.243889526508
"bc", -0.243392096991
"hier", -0.243050344914
"cuz", -0.242272838893
"i", -0.242023143171
"times", -0.241690801871
"lief", -0.241208125184
"bus", -0.239661012185
"uit", -0.239426937515
"fin", -0.239109406101
"terug", -0.239109406101
"tk", -0.239109406101
"man", -0.238152960475
"mouth", -0.237946514917
"qu", -0.237946514917
"pull", -0.237946514917
"florida", -0.237207629035
"dam", -0.236696609133
"banget", -0.236495966794
"todo", -0.236435320298
"longer", -0.236322129421
"straight", -0.236322129421
"believe", -0.236236753526
"lama", -0.236035915572
"what's", -0.23556355885
"don", -0.233893528436
"gotten", -0.233893528436
"weird", -0.233316695773
"bed", -0.232523072845
"cuando", -0.232164646916
"ipad", -0.231982941181
"dit", -0.231758555132
"cepet", -0.231474450114
"kena", -0.231474450114
"lies", -0.231474450114
"pure", -0.231474450114
"sp", -0.231103125857
"uh", -0.230952652781
"forever", -0.230740090483
"se", -0.230453170273
"everyday", -0.229680352782
"mi", -0.228968650216
"possibly", -0.22872137789
"rn", -0.22872137789
"zou", -0.22872137789
"child", -0.22872137789
"to", -0.228409307456
"til", -0.228372292669
"minutes", -0.228325315576
"lydia", -0.227510696613
"loads", -0.227053222921
"rumah", -0.226664638299
"low", -0.226040040066
"diet", -0.225560012546
"walked", -0.225560012546
"whatsapp", -0.225560012546
"there's", -0.225442616237
"brain", -0.224870631154
"waar", -0.224870631154
"ngga", -0.224056906919
"blonde", -0.223796743459
"um", -0.223796743459
"staying", -0.223592406882
"starting", -0.223178420389
"end", -0.222367818938
"''", -0.221892252003
"estas", -0.221892252003
"por", -0.221892252003
"nos", -0.221892252003
"smoke", -0.221892252003
"seeing", -0.220912868742
"food", -0.219828864414
"laa", -0.219519957184
"ni", -0.219285835092
"far", -0.219102272814
"mood", -0.218973812102
"jaar", -0.218506076933
"niks", -0.218506076933
"players", -0.218506076933
"ticket", -0.218506076933
"fair", -0.218314967792
"amor", -0.216908641253
"daar", -0.216908641253
"close", -0.216632965686
"ive", -0.216632965686
"form", -0.215978736526
"tuesday", -0.215978736526
"megan", -0.215978736526
"ikr", -0.215370258795
"asi", -0.215138617906
"report", -0.21462219859
"weave", -0.21462219859
"does", -0.214272615468
"pues", -0.214272615468
"i'm", -0.213718650388
"moved", -0.212458022191
"bisa", -0.211762120244
"hang", -0.211506763534
"tdr", -0.211418759526
"break", -0.210955377978
"boyfriend", -0.21080826037
"pc", -0.21080826037
"actually", -0.210390830889
"ds", -0.210122183911
"gusto", -0.210122183911
"hacked", -0.210122183911
"holly", -0.210122183911
"indo", -0.210122183911
"soo", -0.21002082987
"ga", -0.209394079068
"tapi", -0.209226179283
"weather", -0.208883379858
"hw", -0.208459230709
"lay", -0.208459230709
"blood", -0.20721501209
"hebt", -0.20721501209
"loud", -0.20721501209
"thinking", -0.206928248475
"completely", -0.206249056389
"kasi", -0.206249056389
"plans", -0.205253560915
"gonna", -0.204407939512
"dey", -0.204321775048
"answer", -0.20387789209
"ain't", -0.20387789209
"actual", -0.20387789209
"aunt", -0.20387789209
"ako", -0.203680715787
"ser", -0.203680715787
"uk", -0.203327319973
"bare", -0.203168359548
"went", -0.202311436655
"moment", -0.201751800586
"nu", -0.201620342779
"tweeted", -0.201442372835
"sisters", -0.201327483108
"dia", -0.200947315207
"save", -0.200794089761
"started", -0.20003831536
"las", -0.199702549042
"im", -0.199175116712
"seen", -0.199125853537
"uur", -0.198576706456
"novo", -0.198576706456
"pray", -0.198576706456
"decide", -0.198576706456
"beetje", -0.198576706456
"hele", -0.198576706456
"mai", -0.198576706456
"mga", -0.198576706456
"quit", -0.198576706456
"verdad", -0.198576706456
"komt", -0.198576706456
"ss", -0.198576706456
"room", -0.196945312146
"hour", -0.196673844762
"ring", -0.196619566061
"charlotte", -0.19604089948
"nope", -0.195684605366
"masih", -0.195318352813
"ahora", -0.193322002886
"hav", -0.193322002886
"los", -0.193039277112
"hand", -0.191397655083
"i've", -0.191053255635
"puppy", -0.190061146425
"eyes", -0.189942072998
"ii", -0.18949774266
"cause", -0.188444292213
"having", -0.187665160758
"op", -0.187159697242
"tidur", -0.186892228238
"nasty", -0.186589806738
"tudo", -0.186230309038
"skype", -0.186230309038
"slow", -0.186004070368
"su", -0.185648726761
"ent", -0.185009644567
"episode", -0.184304091634
"bestfriend", -0.183521128664
"fast", -0.183369449519
"talk", -0.183281395597
"pro", -0.183281395597
"gt", -0.182427023609
"earlier", -0.181189572703
"maaf", -0.181048561493
"dis", -0.180447062725
"del", -0.179668431267
"finding", -0.179288757877
"shut", -0.178893524556
"alive", -0.178340642767
"aw", -0.17750241392
"gunna", -0.177394050947
"saying", -0.177294498166
"cats", -0.176134291748
"elle", -0.176134291748
"mak", -0.176134291748
"public", -0.176134291748
"veel", -0.176134291748
"mn", -0.175334029432
"busy", -0.175287893677
"holy", -0.173387944901
"thoughts", -0.173387944901
"explain", -0.172755992983
"iets", -0.172755992983
"walking", -0.171746284554
"bee", -0.171746284554
"belom", -0.170975326951
"sitting", -0.170478473119
"days", -0.170255430048
"house", -0.16941759449
"wake", -0.168476706266
"af", -0.168371539763
"vel", -0.168180376432
"ey", -0.167724777753
"goin", -0.167602604416
"nails", -0.167602604416
"birmingham", -0.166636742282
"hp", -0.166636742282
"shows", -0.166636742282
"friends", -0.166074721317
"story", -0.166057285336
"orang", -0.16591559096
"month", -0.165861422798
"aqu", -0.165225323718
"hala", -0.165225323718
"land", -0.165225323718
"months", -0.165225323718
"year", -0.164310129169
"relationship", -0.163929831521
"mia", -0.163683397637
"possible", -0.163683397637
"sayang", -0.163521326983
"jam", -0.162967612295
"brb", -0.162736546733
"bug", -0.162736546733
"cinema", -0.162736546733
"pergi", -0.162736546733
"tongue", -0.162736546733
"shot", -0.162285183604
"flight", -0.161633832952
"moving", -0.161633832952
"going", -0.161440328923
"dat", -0.161284628597
"news", -0.160791991488
"algo", -0.160128241208
"sou", -0.160128241208
"eat", -0.159701689351
"bk", -0.158776541636
"chinese", -0.158776541636
"door", -0.158064413747
"ago", -0.157949636374
"mean", -0.157617544636
"kaya", -0.157391584379
"coba", -0.157175483803
"wet", -0.156449191902
"opo", -0.156449191902
"ternyata", -0.156449191902
"fit", -0.156449191902
"daddy", -0.156151489667
"sit", -0.155766455398
"pack", -0.155766455398
"paling", -0.155766455398
"spent", -0.155766455398
"dar", -0.155440214131
"awh", -0.154516863265
"heck", -0.154516863265
"middle", -0.154516863265
"ts", -0.154516863265
"weed", -0.154516863265
"baby", -0.15437908686
"joke", -0.153943631842
"short", -0.153668682903
"kim", -0.153401095329
"history", -0.152886852575
"mexico", -0.152886852575
"slowly", -0.152886852575
"tee", -0.152886852575
"aren't", -0.152674581751
"hay", -0.152674581751
"sea", -0.152398746511
"bye", -0.1519348339
"catching", -0.151493359484
"gila", -0.151493359484
"galau", -0.151493359484
"deserve", -0.150990981145
"fact", -0.150990981145
"fa", -0.150869783077
"drive", -0.150671514012
"aah", -0.150288387465
"ep", -0.150288387465
"needa", -0.150288387465
"tim", -0.150288387465
"gon", -0.149236103777
"massive", -0.149236103777
"telling", -0.149236103777
"group", -0.1480243201
"instead", -0.147804270297
"mundo", -0.147486569467
"driving", -0.147486569467
"come", -0.146140171981
"bikin", -0.145493612958
"burger", -0.144951280263
"living", -0.144951280263
"uncle", -0.144951280263
"gak", -0.144848734543
"till", -0.144748037874
"canada", -0.144003432714
"packing", -0.144003432714
"hella", -0.143202632772
"mulu", -0.142517124603
"ih", -0.141655877948
"hebben", -0.140178169447
"near", -0.140178169447
"aswell", -0.139851479719
"mom", -0.139651343047
"turned", -0.13955606457
"ta", -0.139500343033
"soccer", -0.13928763819
"enak", -0.139042663652
"concert", -0.138514645695
"sim", -0.138244958851
"soy", -0.138244958851
"cat", -0.138081282736
"weet", -0.13778678432
"gets", -0.136962999006
"tho", -0.136429786009
"hop", -0.133679752116
"seu", -0.133679752116
"hrs", -0.133679752116
"tl", -0.133679752116
"amigos", -0.133679752116
"apple", -0.133679752116
"card", -0.133679752116
"das", -0.133679752116
"lar", -0.133679752116
"tomoz", -0.133679752116
"cus", -0.133679752116
"esa", -0.133679752116
"naw", -0.133679752116
"nie", -0.133679752116
"thinks", -0.133679752116
"bird", -0.133679752116
"hmu", -0.133679752116
"getting", -0.132771101614
"whats", -0.130831895813
"called", -0.130458242691
"face", -0.129094638613
"hoping", -0.128587469945
"gosh", -0.128367103914
"england", -0.128126802733
"gue", -0.127808099518
"yo", -0.12754677119
"weer", -0.127254990126
"dude", -0.126900193401
"iv", -0.126503920092
"wala", -0.126503920092
"y", -0.125978766295
"changed", -0.125814302714
"black", -0.125686270079
"shy", -0.125554000278
"happens", -0.125554000278
"q", -0.125455021133
"nog", -0.12507964088
"ketemu", -0.124978044452
"miles", -0.124978044452
"sekolah", -0.124978044452
"quem", -0.12431421205
"te", -0.123974879726
"bkn", -0.123540730407
"nail", -0.123540730407
"harus", -0.12262798671
"wifi", -0.12262798671
"things", -0.12189342112
"they're", -0.12168300277
"christmas", -0.121534649917
"delete", -0.121534649917
"oya", -0.121534649917
"net", -0.121120492849
"class", -0.120611180786
"hair", -0.120058814795
"goes", -0.120013688228
"doe", -0.119418358152
"shouldn't", -0.119418358152
"hugs", -0.119136789206
"taylor", -0.119136789206
"nas", -0.118538925256
"social", -0.118538925256
"traffic", -0.118538925256
"trus", -0.118538925256
"looked", -0.117753234692
"malah", -0.117543903589
"blm", -0.117543903589
"een", -0.117487898705
"finished", -0.117390980438
"bear", -0.117182516301
"sale", -0.116408901468
"shoot", -0.116408901468
"small", -0.116408901468
"needs", -0.116408901468
"idiot", -0.116408901468
"old", -0.116071101574
"said", -0.1159409947
"tomorrow", -0.115643674978
"caught", -0.115559161688
"sun", -0.115102145063
"bsk", -0.115102145063
"dimana", -0.115102145063
"legal", -0.115102145063
"bent", -0.115102145063
"morgen", -0.114973475575
"aan", -0.114621479295
"abis", -0.114621479295
"theres", -0.114621479295
"fool", -0.113581457035
"iz", -0.113581457035
"table", -0.113581457035
"je", -0.111852392862
"jajajajaja", -0.111789618972
"lads", -0.111789618972
"soul", -0.111789618972
"country", -0.110768298131
"drake", -0.110300819585
"saturday", -0.10995661342
"ignore", -0.10964701029
"pulang", -0.10964701029
"ro", -0.10964701029
"tam", -0.10964701029
"slim", -0.10964701029
"tah", -0.10964701029
"tijd", -0.10964701029
"makes", -0.10886345482
"huge", -0.108836455403
"liat", -0.108836455403
"ball", -0.108410323016
"tamb", -0.108410323016
"hoe", -0.108147553622
"pay", -0.107742990438
"hati", -0.10744607742
"cook", -0.10703945503
"cody", -0.106039809371
"fight", -0.106039809371
"hannah", -0.106039809371
"idea", -0.105740267619
"aku", -0.105618625122
"size", -0.105184406027
"espero", -0.10379719403
"mc", -0.10379719403
"bf", -0.10379719403
"closer", -0.10379719403
"nonton", -0.10379719403
"asap", -0.10379719403
"jack", -0.10379719403
"aww", -0.103395107099
"friday", -0.102533647037
"online", -0.102533647037
"lucky", -0.102344364453
"gk", -0.101860937434
"snap", -0.101860937434
"ja", -0.101688194906
"flying", -0.101158527287
"thuis", -0.101158527287
"pe", -0.100573869227
"belum", -0.100172276818
"lool", -0.100079643264
"cleaning", -0.0996563741638
"faces", -0.0996563741638
"tb", -0.0996563741638
"os", -0.0992898043237
"james", -0.0991243367495
"sms", -0.0989692561328
"solo", -0.0986865746988
"brothers", -0.0986865746988
"handle", -0.0986865746988
"kt", -0.0986865746988
"crack", -0.0980087322252
"igual", -0.0980087322252
"pet", -0.0980087322252
"sabe", -0.0980087322252
"seconds", -0.0980087322252
"anybody", -0.0971235838421
"football", -0.0971235838421
"timeline", -0.0971235838421
"atleast", -0.0965710904402
"conversation", -0.0965710904402
"exams", -0.0965710904402
"ikut", -0.0965710904402
"fuckin", -0.0961933891442
"bag", -0.0959188606766
"double", -0.0959188606766
"absolutely", -0.0955465061903
"watch", -0.095334762242
"foto", -0.095137208391
"lagi", -0.094514950378
"probs", -0.0941833684899
"zaynmalik", -0.0941833684899
"dark", -0.0941833684899
"couple", -0.0941833684899
"dem", -0.0941833684899
"floor", -0.0941833684899
"jus", -0.0941833684899
"glasses", -0.0941833684899
"grace", -0.0941833684899
"hangout", -0.0941833684899
"komen", -0.0941833684899
"mes", -0.0941833684899
"took", -0.0922806646585
"chris", -0.0914672443616
"boobs", -0.0914672443616
"mt", -0.0914672443616
"rememberthetime", -0.0914672443616
"lo", -0.0913030641033
"cookie", -0.0907288219605
"jenna", -0.0907288219605
"walla", -0.0907288219605
"mag", -0.0903845666621
"ride", -0.0898440328822
"hotel", -0.0894389841109
"kelly", -0.0894389841109
"cream", -0.0894389841109
"masa", -0.0887645714754
"know", -0.0885962631008
"agreed", -0.0883499631789
"sekali", -0.0883499631789
"tennis", -0.0883499631789
"people", -0.0880364153875
"altijd", -0.0878666524217
"lucy", -0.0878666524217
"e", -0.0870186316012
"kan", -0.0867353261258
"esto", -0.086612051045
"fl", -0.086612051045
"omdat", -0.086612051045
"saat", -0.086612051045
"tia", -0.086612051045
"tot", -0.086612051045
"mama", -0.086132331421
"jadi", -0.0850586349305
"text", -0.0847355654516
"basically", -0.0847355654516
"dogs", -0.0847355654516
"hoop", -0.0847355654516
"level", -0.0847355654516
"realize", -0.0847355654516
"het", -0.084289738033
"told", -0.0840155648036
"air", -0.0838847582729
"tan", -0.0836958712286
"van", -0.0835360951427
"stand", -0.0833991817058
"om", -0.0833991817058
"ben", -0.0829110831687
"spend", -0.0827032443427
"thought", -0.082526239386
"als", -0.082526239386
"gotta", -0.0823990528171
"road", -0.0821193475387
"ah", -0.0819112885738
"awe", -0.0816224504814
"linda", -0.0810019705185
"malem", -0.0810019705185
"nearly", -0.080494834347
"alcohol", -0.080494834347
"chips", -0.080494834347
"dats", -0.080494834347
"jauh", -0.080494834347
"kalau", -0.0800725842108
"shop", -0.0800725842108
"tbh", -0.0797155533198
"hmm", -0.0797155533198
"mary", -0.0797155533198
"cari", -0.0791447946013
"george", -0.0791447946013
"omw", -0.0791447946013
"like", -0.0787801994109
"shes", -0.0787087390449
"buying", -0.0787087390449
"life", -0.078409363054
"box", -0.078364733503
"taking", -0.0782656539762
"honestly", -0.077663642102
"n", -0.0767641145004
"michelle", -0.0754495211323
"na", -0.0754495211323
"sekarang", -0.0754495211323
"zoo", -0.0754495211323
"en", -0.0732815682873
"mac", -0.0728254964591
"tp", -0.0722099387392
"study", -0.0717794684627
"english", -0.0712170670626
"lazy", -0.0712170670626
"american", -0.0712170670626
"booty", -0.0712170670626
"draw", -0.0712170670626
"ana", -0.0708658658127
"amy", -0.0708658658127
"semua", -0.0707354782791
"ganti", -0.0704511065708
"quiet", -0.0704511065708
"help", -0.0704511065708
"years", -0.0697090566679
"reason", -0.0693466510195
"fox", -0.0693466510195
"hide", -0.0693466510195
"kar", -0.0693466510195
"lewis", -0.0693466510195
"moments", -0.0693466510195
"stole", -0.0693466510195
"vet", -0.0693466510195
"august", -0.068861412262
"denk", -0.0685886589356
"jessica", -0.0685886589356
"age", -0.0682923457711
"una", -0.0681343792668
"tour", -0.0676156752293
"brother", -0.0674083346461
"cali", -0.0663211165129
"nt", -0.0663211165129
"mam", -0.0657889749834
"o", -0.0656178895395
"girlfriend", -0.0651909502662
"ill", -0.0648046649712
"kamu", -0.0647780731388
"le", -0.064513999708
"makin", -0.064513999708
"tips", -0.064513999708
"wat", -0.0642532364803
"yaudah", -0.0628513198917
"jd", -0.0621787392137
"av", -0.0618147799755
"yung", -0.0618147799755
"boo", -0.0615018053354
"zijn", -0.0611067325691
"eso", -0.0605923818218
"limit", -0.0605923818218
"ri", -0.0605923818218
"tough", -0.0605923818218
"zeg", -0.0605923818218
"pas", -0.059895131429
"bite", -0.059895131429
"watched", -0.059895131429
"think", -0.0595802368433
"bitch", -0.0594988290388
"sent", -0.0594444577219
"naman", -0.0594444577219
"strong", -0.057346371246
"running", -0.057346371246
"cr", -0.057346371246
"fixed", -0.057346371246
"fries", -0.057346371246
"js", -0.057346371246
"nih", -0.057346371246
"ray", -0.057346371246
"beach", -0.0561993319223
"td", -0.0557308055401
"sunday", -0.0557308055401
"sih", -0.0552565782989
"use", -0.0552063237628
"right", -0.0546766752334
"red", -0.0546152259995
"la", -0.0542865588984
"ini", -0.0541645347161
"gay", -0.054045375571
"arms", -0.0537986315887
"jessie", -0.0537986315887
"wae", -0.0537986315887
"zie", -0.0537986315887
"joking", -0.0537986315887
"eating", -0.0535729882652
"ale", -0.0531750298025
"important", -0.0531750298025
"li", -0.0531750298025
"playing", -0.0529154134991
"giving", -0.0527730976021
"open", -0.0526832336982
"honestyhour", -0.0526213363772
"state", -0.052285449321
"we've", -0.052285449321
"lmfao", -0.0517763667027
"did", -0.0515685448621
"'s", -0.0514466687594
"likes", -0.0512444047873
"ireland", -0.050913595181
"ly", -0.050913595181
"morgan", -0.050913595181
"regret", -0.050913595181
"jo", -0.050654457483
"coz", -0.0499050419405
"kali", -0.0493690203193
"el", -0.0486277394685
"atuh", -0.0485214378689
"channel", -0.0485214378689
"anna", -0.0485214378689
"suka", -0.0485214378689
"voor", -0.0481619196295
"start", -0.0480069094337
"just", -0.0477708678631
"town", -0.0477264703446
"jangan", -0.0473812081596
"emily", -0.0472727441787
"ex", -0.0472727441787
"vem", -0.0469793660086
"aa", -0.0465057944911
"awkward", -0.0465057944911
"doang", -0.0465057944911
"butt", -0.0456124383969
"sara", -0.0456124383969
"plenty", -0.0456124383969
"yuh", -0.0456124383969
"stay", -0.0453294975375
"oh", -0.0452824226694
"blame", -0.0447842580809
"al", -0.0446520667757
"imma", -0.0442649080571
"weekend", -0.044058156307
"bacon", -0.0432968348567
"hr", -0.0432968348567
"lake", -0.0432968348567
"ngapain", -0.0432968348567
"orange", -0.0432968348567
"vacation", -0.0432968348567
"sort", -0.0432968348567
"friend", -0.0432968348567
"ak", -0.0427899037584
"ang", -0.0417587886678
"wife", -0.0414098649439
"yall", -0.0414098649439
"isa", -0.0414098649439
"sup", -0.0414098649439
"tienes", -0.0414098649439
"ook", -0.0413096853782
"making", -0.0412215433024
"smell", -0.0408561721255
"came", -0.0406629577522
"gua", -0.0401674904216
"nk", -0.0398425963042
"dave", -0.0398425963042
"jane", -0.0398425963042
"kids", -0.0398425963042
"today", -0.039545887719
"button", -0.0381240402986
"thing", -0.0367777262001
"tht", -0.0367221685121
"test", -0.0361138392807
"quick", -0.0355568309671
"saw", -0.0350828145617
"kinda", -0.0341360824193
"jamesgshore", -0.0341360824193
"remembered", -0.0341360824193
"let", -0.0335093688283
"cousins", -0.0330022873783
"grad", -0.0330022873783
"melhor", -0.0330022873783
"naa", -0.0330022873783
"rice", -0.0330022873783
"session", -0.0330022873783
"it's", -0.0328564626397
"toch", -0.0326735865895
"hm", -0.0326735865895
"it'll", -0.0323656195258
"lindo", -0.0320764844101
"ma", -0.0317716382467
"em", -0.0314660143301
"season", -0.0313062486309
"buy", -0.0308608478897
"fingers", -0.0306554080484
"gusta", -0.0306554080484
"ian", -0.0306554080484
"lgi", -0.0306554080484
"ny", -0.030366409175
"yu", -0.030366409175
"asik", -0.0300981981614
"uno", -0.0300981981614
"jaa", -0.0300981981614
"says", -0.0299711995697
"summer", -0.02961577005
"eva", -0.02961577005
"jalan", -0.02961577005
"rest", -0.0293285807969
"kick", -0.0288221668654
"dengan", -0.0284918598232
"takes", -0.0284918598232
"nap", -0.0281965016709
"sound", -0.0281965016709
"nicole", -0.0276905678871
"quando", -0.0274722503696
"ryan", -0.0274722503696
"dr", -0.0269225013993
"me", -0.0254781077468
"got", -0.0240983790709
"wie", -0.0229089141113
"write", -0.0229089141113
"paige", -0.0229089141113
"wings", -0.0229089141113
"hidup", -0.0229089141113
"pi", -0.0229089141113
"choice", -0.0229089141113
"ac", -0.0229089141113
"indonesia", -0.0229089141113
"nn", -0.0229089141113
"purple", -0.0229089141113
"texting", -0.0229089141113
"everybody", -0.0229089141113
"wouldnt", -0.0229089141113
"sense", -0.0229089141113
"sum", -0.0229089141113
"au", -0.0229089141113
"lan", -0.0229089141113
"ice", -0.0209529062998
"lmao", -0.0198760521136
"es", -0.0189265778059
"ms", -0.0185817525865
"speak", -0.0185817525865
"using", -0.0185817525865
"fly", -0.0179358339644
"inside", -0.017675432043
"fam", -0.0173862527862
"monday", -0.0173862527862
"son", -0.0170632468625
"gave", -0.0168871482452
"older", -0.016700110269
"south", -0.0162888688152
"turn", -0.0159830445098
"ou", -0.0158192857613
"excuse", -0.0158192857613
"wow", -0.0155585937472
"balik", -0.0146472244584
"meant", -0.0144131366833
"ko", -0.0139920507656
"waktu", -0.0139027744488
"she's", -0.0136758715361
"ed", -0.0134778647079
"talkin", -0.0130108751511
"dus", -0.0123111971801
"moi", -0.0119229046695
"german", -0.0119229046695
"heels", -0.0119229046695
"sampai", -0.0119229046695
"justinbieber", -0.0119229046695
"besok", -0.0119229046695
"lauren", -0.0119229046695
"bit", -0.0118213445826
"pun", -0.0112840130006
"bola", -0.0105662235027
"island", -0.0105662235027
"nephew", -0.0105662235027
"phil", -0.0105662235027
"jij", -0.00975395954049
"michael", -0.00975395954049
"nga", -0.00975395954049
"skin", -0.00975395954049
"second", -0.00921317525976
"track", -0.00882725527792
"mee", -0.00882725527792
"iam", -0.00841895569289
"non", -0.00776009252479
"tall", -0.00776009252479
"katie", -0.00736749620459
"anyways", -0.00716346698133
"fake", -0.00716346698133
"c", -0.00712690443986
"putting", -0.00651791933182
"men", -0.00621370287317
"lot", -0.00619545573346
"calling", -0.00557008644592
"looks", -0.0052788045943
"white", -0.00522930346091
"mix", -0.00505383871764
"perry", -0.00505383871764
"gazgshore", -0.0047290657069
"beer", -0.00450590599003
"biggest", -0.00450590599003
"kadar", -0.00450590599003
"mo", -0.0042982256925
"color", -0.00421913197541
"og", -0.00421913197541
"leuk", -0.00330255446296
"cinta", -0.00330255446296
"ahmed", -0.00330255446295
"bunch", -0.00330255446295
"father", -0.00330255446295
"lmfaoo", -0.00330255446295
"z", -0.00209264146968
"inget", -0.00193082109758
"sendiri", -0.00193082109758
"sama", -0.000971559611273
"gettin", -0.000687041652996
"lmaoo", -0.000687041652996
"deal", -0.000352705391653
"drink", -0.000181736006134
"pa", 7.96335742294e-05
"say", 0.000175822565014
"tak", 0.000801423567463
"para", 0.00120196792247
"nanti", 0.00148215795287
"dms", 0.00148215795287
"hanya", 0.00148215795287
"mario", 0.00148215795287
"nii", 0.00148215795287
"wij", 0.00148215795287
"bilang", 0.00148215795287
"kitty", 0.00148215795287
"id", 0.0021619654278
"chocolate", 0.00224961510231
"gitu", 0.00224961510231
"punya", 0.00236321213555
"hell", 0.00325582800315
"mana", 0.00340893049126
"lu", 0.00364197350799
"hit", 0.00364197350799
"beb", 0.00364197350799
"piece", 0.00364197350799
"brown", 0.00393914606482
"der", 0.0041206642656
"yh", 0.0041206642656
"mrs", 0.00543469528458
"personal", 0.00566622323221
"da", 0.00578341146963
"live", 0.00611300676041
"david", 0.00622145074352
"germany", 0.00622145074352
"major", 0.00622145074352
"mami", 0.00622145074352
"salah", 0.00622145074352
"lg", 0.00663143792796
"bestie", 0.00694658256526
"gi", 0.00694658256526
"ones", 0.00711907705323
"drinking", 0.00739925282351
"gw", 0.00761705801616
"app", 0.00843617392128
"y'all", 0.00857426640381
"kat", 0.00935606451062
"retweeted", 0.00935606451062
"bigger", 0.00935606451062
"nd", 0.010211414777
"plus", 0.0102480396388
"clean", 0.0109159675832
"sophie", 0.0109159675832
"plz", 0.0111907347836
"mel", 0.0115829946415
"trend", 0.0115829946415
"trouble", 0.0115829946415
"kok", 0.0116824737661
"gym", 0.0121886026484
"jake", 0.0121886026484
"jarig", 0.0121886026484
"ke", 0.0122882786751
"bem", 0.0126343654682
"aka", 0.0132466328517
"ay", 0.0135049178182
"person", 0.0135301091124
"dah", 0.0137999351191
"shoes", 0.0141401205112
"dag", 0.0141401205112
"vas", 0.0141401205112
"luke", 0.0147607234172
"bu", 0.0152168946967
"alles", 0.0155663400406
"normal", 0.0155663400406
"taste", 0.0166541972278
"tonight", 0.0167466698111
"graduation", 0.0171067617822
"sini", 0.0171067617822
"steph", 0.0171067617822
"yr", 0.0171067617822
"zin", 0.0171067617822
"thursday", 0.017221525345
"babies", 0.0175113350067
"aq", 0.0182041147861
"tuhan", 0.0182041147861
"joe", 0.0182041147861
"message", 0.018775674652
"er", 0.0190255228857
"family", 0.019534313582
"kid", 0.0196634462377
"bah", 0.0196634462377
"glass", 0.0196634462377
"jobs", 0.0196634462377
"jay", 0.0200150489233
"bueno", 0.0205898550723
"cuma", 0.0205898550723
"games", 0.0205898550723
"fall", 0.0205898550723
"kno", 0.0209368071425
"pin", 0.0209368071425
"anak", 0.0212301900329
"apaan", 0.0212301900329
"keeping", 0.0212301900329
"knew", 0.0216992371099
"kau", 0.0222068643968
"jesus", 0.0223403629797
"learn", 0.0225691329036
"guess", 0.0233859410155
"place", 0.0238091610027
"way", 0.0243453521893
"si", 0.0244888225479
"hes", 0.0247371192478
"har", 0.0247371192478
"lick", 0.0247371192478
"unfollow", 0.0247371192478
"upload", 0.0247371192478
"america", 0.0247371192478
"laying", 0.0247371192478
"mungkin", 0.0247371192478
"temen", 0.0247371192478
"care", 0.0247371192478
"jajaja", 0.0247371192478
"ada", 0.0267082027113
"series", 0.0271221528422
"ba", 0.0272086615465
"oo", 0.0272543127158
"jajajaja", 0.0274019783251
"blue", 0.0275680485563
"okayy", 0.0277561929389
"papa", 0.0277561929389
"mommy", 0.0285080429955
"practice", 0.0285080429955
"teen", 0.0288494087488
"alot", 0.02941390108
"chaosincancun", 0.0297585456765
"idgaf", 0.0297585456765
"mane", 0.0297585456765
"piss", 0.0297585456765
"tarde", 0.0303825905599
"pop", 0.0306265635722
"twitter", 0.0307071888078
"i'd", 0.0311837554009
"defo", 0.0311837554009
"shorts", 0.0311837554009
"com", 0.0315521920906
"row", 0.0322499179691
"soon", 0.0327734941392
"oi", 0.0329271641397
"liars", 0.0337386093739
"austin", 0.0337386093739
"celebrate", 0.0337386093739
"tua", 0.0337386093739
"self", 0.0337386093739
"dress", 0.0343752188245
"pake", 0.0345135011989
"lie", 0.0351087266309
"twice", 0.0351087266309
"wall", 0.0351087266309
"drop", 0.0354343725208
"tell", 0.0357728111562
"sampe", 0.0359630785404
"war", 0.0359630785404
"ki", 0.0362800240366
"met", 0.0366561262384
"basketball", 0.0369708186166
"jersey", 0.0369708186166
"eens", 0.0375457247213
"allah", 0.0379173571609
"bath", 0.0379173571609
"di", 0.0382248357256
"ps", 0.0386341806311
"bby", 0.0396478539688
"pictures", 0.0396478539688
"chance", 0.0396478539688
"jordan", 0.0396478539688
"lang", 0.0396478539688
"moms", 0.0396478539688
"awhh", 0.0396478539688
"beli", 0.0396478539688
"danielle", 0.0396478539688
"toh", 0.0396478539688
"udh", 0.0396478539688
"beat", 0.0405107699886
"paris", 0.0414796987743
"rose", 0.0414796987743
"va", 0.0420887617217
"dream", 0.0421946067096
"day", 0.0423228106514
"convo", 0.0425754550673
"depois", 0.0425754550673
"travel", 0.0425754550673
"xo", 0.043090238674
"voice", 0.043090238674
"demi", 0.043090238674
"rt", 0.0434072610885
"org", 0.043824684284
"decided", 0.0445172929194
"beter", 0.0449575216856
"j'ai", 0.0449575216856
"pair", 0.0449575216856
"remind", 0.0449575216856
"wbu", 0.0449575216856
"mail", 0.0454852610274
"banyak", 0.0459895097162
"boys", 0.04604128591
"ama", 0.0465080330499
"pada", 0.0469335414564
"checked", 0.0469335414564
"points", 0.0469335414564
"sua", 0.0469335414564
"thick", 0.0469335414564
"decent", 0.0469335414564
"hahahha", 0.0469335414564
"skrg", 0.0469335414564
"especially", 0.0469335414564
"run", 0.0479653396123
"wouldn't", 0.0479653396123
"wear", 0.0482077910575
"facebook", 0.0484444849124
"god", 0.0485110828153
"reminds", 0.0485991826388
"easy", 0.0493376002798
"homie", 0.0493376002798
"paint", 0.0493376002798
"read", 0.0495714934243
"ap", 0.0500222482018
"brought", 0.0500222482018
"trip", 0.0502087992478
"jgn", 0.0507460954922
"heel", 0.0512521326076
"minta", 0.0512521326076
"clothes", 0.0512521326076
"coming", 0.0513942277687
"wen", 0.0520702878879
"ge", 0.0523256721099
"bij", 0.0523256721099
"boy", 0.0523845873897
"mijn", 0.0525242091666
"key", 0.0528128418865
"loveyou", 0.0528128418865
"pacar", 0.0528128418865
"sister", 0.0532708972896
"huh", 0.0534898106924
"big", 0.0537487736217
"bae", 0.0541095159082
"pll", 0.0541095159082
"mines", 0.0541095159082
"funny", 0.0543429646388
"baru", 0.0547565224955
"exactly", 0.0552039318708
"change", 0.0558866567282
"mu", 0.0561399890087
"kisses", 0.0561399890087
"kalo", 0.0569497394898
"block", 0.05765713228
"bru", 0.05765713228
"garden", 0.05765713228
"grown", 0.05765713228
"press", 0.05765713228
"zal", 0.05765713228
"nw", 0.05765713228
"remember", 0.0577880145005
"date", 0.0582804216596
"chick", 0.0588337648819
"aaron", 0.0588337648819
"itunes", 0.0588337648819
"vegas", 0.0588337648819
"bukan", 0.0597729574662
"gibi", 0.0597729574662
"jamie", 0.0597729574662
"steve", 0.0597729574662
"tumblr", 0.0597729574662
"ne", 0.0599564933334
"ll", 0.0601748950089
"probably", 0.0606543705285
"night", 0.0606668668634
"ahh", 0.0615473495105
"golf", 0.0617176112512
"ppl", 0.0621794389904
"set", 0.0621794389904
"bt", 0.0625793221108
"reach", 0.0625793221108
"siapa", 0.0630877713247
"ca", 0.0635110578648
"dari", 0.0635110578648
"u", 0.064076067548
"hear", 0.0648563470645
"mau", 0.0655959785405
"talking", 0.0657316292132
"bring", 0.0668442490995
"abt", 0.0681420914633
"ayee", 0.0681420914633
"deserves", 0.0681420914633
"easier", 0.0681420914633
"eles", 0.0681420914633
"gee", 0.0681420914633
"ld", 0.0681420914633
"pr", 0.0681420914633
"rob", 0.0681420914633
"tea", 0.0681420914633
"deep", 0.0681420914633
"asked", 0.0681420914634
"amber", 0.0681420914634
"beliebers", 0.0681420914634
"bl", 0.0681420914634
"payne", 0.0681420914634
"hd", 0.0681420914634
"north", 0.0681420914634
"status", 0.0681420914634
"han", 0.0681420914634
"siap", 0.0681420914634
"uda", 0.0681420914634
"oomf", 0.0699817056966
"j", 0.0702372785895
"catch", 0.0707269759203
"ali", 0.0717345530429
"drunk", 0.0722710346192
"lt", 0.0724180966488
"guy", 0.0730533549954
"emg", 0.0732975596032
"mentionto", 0.0736392299653
"guys", 0.073753660022
"super", 0.0738668702722
"tweet", 0.0739379849259
"ass", 0.0743026912108
"portugal", 0.0750033956823
"wi", 0.0750033956823
"pass", 0.0752994219662
"ku", 0.0756221437112
"lain", 0.0756221437112
"word", 0.0759020592865
"clearly", 0.0763635495462
"view", 0.0763635495462
"club", 0.0763635495462
"mulai", 0.0772680987124
"stress", 0.0772680987124
"uu", 0.0772680987124
"minute", 0.0777993593172
"sam", 0.077913121296
"kay", 0.077990463411
"malam", 0.077990463411
"picture", 0.0780888800673
"pick", 0.0780888800673
"queen", 0.0783962967456
"chelsea", 0.0783962967456
"continue", 0.0783962967456
"dom", 0.0783962967456
"juss", 0.0783962967456
"ordered", 0.0783962967456
"segue", 0.0783962967456
"nya", 0.0785391107741
"woman", 0.0788370149141
"kata", 0.0790718922972
"ng", 0.0798427896436
"w", 0.0798427896436
"kom", 0.0798427896436
"cake", 0.0802705085324
"better", 0.0806778365493
"crazy", 0.0813694294148
"bana", 0.0817643983522
"maria", 0.0817643983522
"jaja", 0.0817643983522
"world", 0.0819056731399
"doing", 0.0819708622271
"f", 0.0825533181915
"tu", 0.0827650358363
"match", 0.0829830669896
"he's", 0.0835214455336
"hihi", 0.0844412062109
"boom", 0.0844412062109
"original", 0.0844412062109
"wash", 0.0844412062109
"m", 0.0845463190465
"ci", 0.0855836379881
"make", 0.0859883319899
"amanda", 0.0862170912285
"event", 0.0862170912285
"katyperry", 0.0862170912285
"makeup", 0.0862170912285
"waiting", 0.0866832849435
"dan", 0.0868579849725
"marie", 0.0868982908731
"play", 0.087258514969
"comes", 0.0874813684398
"words", 0.0878255643814
"bouta", 0.0884272828919
"downloaded", 0.0884272828919
"lagu", 0.0884272828919
"males", 0.0884272828919
"picked", 0.0884272828919
"planning", 0.0884272828919
"vamos", 0.0884272828919
"hope", 0.0890579152569
"wel", 0.0895662954015
"ross", 0.0897482733101
"pasti", 0.0902276847268
"disney", 0.0902276847268
"spanish", 0.0902276847268
"type", 0.0906268086515
"peace", 0.0912532963363
"photos", 0.0912532963363
"green", 0.0912532963363
"young", 0.0915497524748
"mr", 0.0919156960622
"jackson", 0.0923788015915
"lyrics", 0.0923788015915
"qt", 0.0923788015915
"little", 0.0946760297301
"honey", 0.0949941698037
"ra", 0.0949941698037
"gurl", 0.0949941698037
"king", 0.0949941698037
"reading", 0.0949941698037
"classes", 0.0949941698037
"cu", 0.0949941698037
"juice", 0.0949941698037
"slut", 0.0949941698037
"msh", 0.0958925295215
"wearing", 0.0959960716569
"b", 0.0963544224496
"time", 0.0966339221261
"yang", 0.0967891074832
"choose", 0.0973587318278
"copy", 0.0973587318278
"sing", 0.0978825130455
"unless", 0.098242260158
"bakal", 0.098242260158
"col", 0.098242260158
"media", 0.098242260158
"neh", 0.098242260158
"swimming", 0.0987043707784
"tweets", 0.0988130338665
"ar", 0.0988130338665
"bro", 0.0992691328604
"heard", 0.0995729424585
"thats", 0.0999131752843
"nah", 0.0999343534399
"kakak", 0.100179947233
"replied", 0.100179947233
"il", 0.100663068551
"point", 0.100663068551
"ish", 0.101467118923
"saya", 0.101805236489
"wants", 0.101805236489
"you'd", 0.101961204939
"listen", 0.102109324803
"you've", 0.102109324803
"book", 0.102634083564
"sh", 0.103070914209
"colour", 0.103604241118
"crew", 0.103604241118
"rihanna", 0.103604241118
"try", 0.104259773421
"prefer", 0.104378858117
"truly", 0.104378858117
"aga", 0.104914347646
"pants", 0.104914347646
"k", 0.105063830309
"andy", 0.105306633177
"ch", 0.105606384297
"nda", 0.106192273346
"itu", 0.106261390149
"kk", 0.110217707655
"dreams", 0.110555191379
"account", 0.110621012015
"teach", 0.11129063162
"mind", 0.111688044162
"bar", 0.113245872799
"husband", 0.113245872799
"photo", 0.113245872799
"project", 0.114139152629
"muy", 0.115386725141
"sis", 0.115386725141
"wit", 0.115386725141
"drama", 0.115386725141
"prince", 0.115386725141
"random", 0.115920324023
"daha", 0.117251509134
"josh", 0.117251509134
"bright", 0.117251509134
"numbers", 0.117251509134
"ud", 0.117251509134
"zeker", 0.117251509134
"tau", 0.117595977067
"ashley", 0.118096541698
"player", 0.118096541698
"obviously", 0.118890389891
"question", 0.118890389891
"meeting", 0.119108447655
"single", 0.119194626771
"dong", 0.119533528529
"ee", 0.120342072489
"jess", 0.120342072489
"tom", 0.120342072489
"bende", 0.120342072489
"ilove", 0.120342072489
"sm", 0.120342072489
"paid", 0.120342072489
"kalian", 0.120342072489
"lookin", 0.120342072489
"yah", 0.120693902352
"lady", 0.121007459195
"true", 0.121270824626
"forget", 0.121460555106
"dick", 0.121636897671
"th", 0.121765102352
"mark", 0.121879253141
"inte", 0.122233224505
"worked", 0.122233224505
"amen", 0.122798985496
"blow", 0.122798985496
"s", 0.122983359158
"chicken", 0.123847751866
"officially", 0.123847751866
"ad", 0.124174977259
"round", 0.124266556573
"kate", 0.124799002034
"deh", 0.12491172517
"g", 0.125185547612
"km", 0.125870514646
"ji", 0.126458728977
"shay", 0.126458728977
"tweetapictureofyourbestfriend", 0.126458728977
"tweeting", 0.126458728977
"ways", 0.126458728977
"grey", 0.126458728977
"ti", 0.126950948058
"visit", 0.127010573286
"job", 0.127150170123
"power", 0.127858204388
"jade", 0.128478755137
"kind", 0.128914289792
"ava", 0.129054190642
"shower", 0.12958925828
"shopping", 0.130088061925
"chat", 0.130775946887
"that's", 0.130960428802
"google", 0.130990687889
"wonder", 0.13163427475
"wee", 0.131785568438
"pool", 0.132148458284
"ho", 0.132490909148
"yorum", 0.132490909148
"x", 0.132892002827
"lolol", 0.133411550369
"r", 0.133491804538
"breakfast", 0.134880518777
"girls", 0.135246983061
"atau", 0.135475865621
"gf", 0.135475865621
"imagine", 0.135832680579
"sa", 0.136122053078
"dp", 0.136466291565
"speaking", 0.136466291565
"usual", 0.136466291565
"ya", 0.136650306536
"ao", 0.137256999902
"fish", 0.137256999902
"makan", 0.137902866832
"main", 0.138183377017
"ken", 0.13844035104
"od", 0.13844035104
"amp", 0.138605102323
"rd", 0.138676631829
"dee", 0.138894622174
"website", 0.139283616325
"bas", 0.139620460419
"tuh", 0.1399149828
"niallofficial", 0.1399149828
"wait", 0.140405405601
"pics", 0.141971007044
"h", 0.142961607243
"udah", 0.14346525118
"hold", 0.144308745331
"email", 0.144308745331
"ahahah", 0.144308745331
"earth", 0.144308745331
"mw", 0.144308745331
"ns", 0.144308745331
"pizza", 0.144308745331
"bener", 0.144308745331
"charlie", 0.144308745331
"cm", 0.144308745331
"enty", 0.144308745331
"lee", 0.144308745331
"nite", 0.144308745331
"nl", 0.144308745331
"pernah", 0.144308745331
"victoria", 0.144308745331
"vs", 0.144308745331
"vi", 0.14671372795
"boleh", 0.147338893037
"real", 0.147392330705
"sir", 0.148176795894
"eh", 0.148526703511
"az", 0.149275538399
"sana", 0.149655212238
"singing", 0.150097736952
"bff", 0.150620127256
"smith", 0.150620127256
"tdur", 0.150620127256
"loved", 0.151246148579
"touch", 0.15160816038
"ayoo", 0.152010033699
"game", 0.152010033699
"official", 0.152303469669
"bom", 0.152458735923
"bay", 0.15296295867
"jeg", 0.15296295867
"kmu", 0.15296295867
"member", 0.15296295867
"salad", 0.15296295867
"mins", 0.153533686334
"mb", 0.154185005485
"babes", 0.154672837453
"rachel", 0.154935283197
"klo", 0.154935283197
"law", 0.155808926617
"july", 0.156050253843
"stuff", 0.15673787238
"cont", 0.15676470305
"doin", 0.156839088253
"fancy", 0.156839088253
"space", 0.156839088253
"dear", 0.15749532468
"ur", 0.157520485495
"looking", 0.158935455269
"business", 0.159038133369
"favor", 0.159038133369
"tomlinson", 0.159038133369
"spot", 0.159573934171
"juga", 0.160065216129
"fab", 0.160150187397
"meet", 0.160352063131
"erm", 0.161443872302
"silly", 0.161443872302
"din", 0.161443872302
"kami", 0.161443872302
"maroon", 0.161443872302
"lah", 0.162022507156
"city", 0.162733577813
"hahahahaha", 0.16414353961
"bout", 0.164647078387
"yg", 0.164702329626
"katgraham", 0.164788875209
"meg", 0.164788875209
"momma", 0.164788875209
"hah", 0.164788875209
"works", 0.164788875209
"oke", 0.165301123873
"store", 0.165301123873
"ohh", 0.166579000751
"camp", 0.167004090661
"bel", 0.167004090661
"training", 0.167004090661
"liam", 0.16754260573
"v", 0.167600781873
"buddy", 0.167963566868
"watching", 0.168411924345
"married", 0.168579206679
"september", 0.169007750485
"spain", 0.169007750485
"nigga", 0.169521420271
"john", 0.169756640085
"gun", 0.169756640085
"places", 0.169756640085
"solat", 0.169756640085
"spell", 0.169756640085
"win", 0.170281650119
"hanging", 0.170389262425
"prob", 0.170389262425
"mike", 0.170670118556
"french", 0.171399455321
"safe", 0.171399455321
"high", 0.171753804168
"l", 0.17186349677
"mention", 0.172071551602
"you", 0.173035782069
"direction", 0.174961309887
"tr", 0.174961309887
"ff", 0.175415744501
"asking", 0.175748678515
"accent", 0.177906213522
"doubt", 0.177906213522
"step", 0.177906213522
"obsessed", 0.177906213522
"swim", 0.177906213522
"worth", 0.177906213522
"dirty", 0.179800562568
"abi", 0.180830168777
"teacher", 0.180830168777
"grand", 0.181477114237
"we're", 0.182351352395
"dance", 0.182491680802
"wednesday", 0.182491680802
"goed", 0.18343401894
"lord", 0.183563189943
"heading", 0.184311576603
"ooh", 0.184311576603
"dj", 0.184311576603
"women", 0.184311576603
"i'll", 0.185319132976
"crush", 0.185897351589
"irish", 0.185897351589
"cousin", 0.186616121922
"different", 0.186616121922
"trust", 0.187614041462
"currently", 0.188526652391
"lou", 0.188526652391
"pie", 0.188526652391
"stage", 0.188526652391
"usually", 0.188526652391
"look", 0.189403879883
"number", 0.189548119687
"jokes", 0.189834944187
"bringing", 0.190617896309
"lisa", 0.190617896309
"sma", 0.190617896309
"bang", 0.19151084775
"jg", 0.191867476887
"ask", 0.19224330655
"anda", 0.192320913738
"babe", 0.192698389265
"sign", 0.194646753403
"ala", 0.194926991706
"bra", 0.194926991706
"est", 0.195455798956
"fine", 0.195826977838
"writing", 0.196827452213
"chillin", 0.196827452213
"art", 0.198274702357
"adam", 0.198876185064
"famous", 0.198876185064
"party", 0.199205647411
"kidding", 0.19941358931
"hari", 0.199514272348
"instagram", 0.200009860155
"aj", 0.200333178238
"cok", 0.200333178238
"letting", 0.201422449976
"lips", 0.201422449976
"west", 0.201422449976
"loser", 0.202267611881
"sta", 0.202267611881
"profile", 0.202942454466
"version", 0.202942454466
"cup", 0.203493749739
"fe", 0.203493749739
"hopefully", 0.203493749739
"sarah", 0.203493749739
"du", 0.205211642735
"means", 0.207032243394
"gives", 0.20896504642
"team", 0.20896504642
"alex", 0.20896504642
"daniel", 0.20896504642
"bangun", 0.20896504642
"laura", 0.20896504642
"names", 0.20896504642
"wild", 0.20896504642
"fav", 0.20896504642
"hahah", 0.210385606244
"bien", 0.210952402597
"post", 0.211020754029
"min", 0.212929797934
"ich", 0.213211474217
"bs", 0.213211474217
"attention", 0.21391478366
"engga", 0.21391478366
"complete", 0.21436168992
"count", 0.214897307129
"haters", 0.214897307129
"company", 0.215550959411
"rick", 0.215550959411
"send", 0.215802074411
"bagi", 0.216366495762
"italy", 0.216366495762
"noite", 0.216366495762
"yess", 0.217412554168
"kita", 0.217616337585
"lil", 0.2178853229
"mah", 0.217918729371
"tattoo", 0.218054895454
"lots", 0.218054895454
"jessiej", 0.218291281783
"mindlessbhavior", 0.219137838014
"dm", 0.220741253749
"masuk", 0.220741253749
"hahahahah", 0.222028113337
"heaven", 0.223630723274
"suit", 0.223630723274
"tag", 0.223630723274
"luv", 0.224163460326
"lol", 0.224535133858
"hahahahahaha", 0.224937046748
"legend", 0.226498843817
"present", 0.226498843817
"bitches", 0.228399180189
"mini", 0.228399180189
"free", 0.228704811924
"grade", 0.230118673989
"ok", 0.230567003268
"ima", 0.230597165796
"line", 0.230761510015
"aja", 0.23083145704
"chloe", 0.233109418994
"t", 0.234621318037
"bella", 0.234666745142
"pm", 0.234666745142
"yep", 0.234830306356
"ehh", 0.235231478551
"nick", 0.235231478551
"truth", 0.235621959865
"cover", 0.236299217371
"cookies", 0.237762499398
"woah", 0.237762499398
"lunch", 0.238718164821
"apa", 0.239002973824
"tt", 0.239607959696
"les", 0.240527342852
"xoxo", 0.24067230542
"ily", 0.24083331005
"kl", 0.24083331005
"girl", 0.240906559014
"beauty", 0.241706145184
"zayn", 0.242774612702
"tidak", 0.243272201114
"yeah", 0.243707054837
"paul", 0.244637203391
"tight", 0.244637203391
"quite", 0.245453843581
"boa", 0.245609193933
"film", 0.245609193933
"hun", 0.246425774171
"st", 0.247293667393
"bobo", 0.248702822599
"naked", 0.248702822599
"pal", 0.248702822599
"ka", 0.248783286352
"youu", 0.249472269311
"fr", 0.250170399931
"bet", 0.250568748897
"cares", 0.251389008398
"dgn", 0.251389008398
"tha", 0.251389008398
"dulu", 0.252873050387
"forward", 0.252873050387
"ft", 0.252873050387
"fave", 0.254056054269
"totally", 0.254842644414
"calm", 0.255021183602
"dinner", 0.255144737545
"iyaa", 0.257080931398
"needed", 0.257582694107
"dani", 0.258021180818
"daughter", 0.258750842118
"stick", 0.258750842118
"finna", 0.2593335387
"ntar", 0.259809609479
"perfect", 0.262233333665
"page", 0.262283564017
"okay", 0.264281002182
"wedding", 0.264536872314
"yak", 0.264536872314
"info", 0.264536872314
"niggas", 0.264536872314
"po", 0.264536872314
"iya", 0.266518740045
"lekker", 0.267246212031
"drinks", 0.270233273143
"katy", 0.270233273143
"ek", 0.270939124806
"pak", 0.270939124806
"agree", 0.270939124806
"dope", 0.272400770214
"et", 0.273414115233
"buat", 0.273543064288
"music", 0.273953412629
"def", 0.274727251568
"lupa", 0.275444340733
"yours", 0.275842111224
"experience", 0.275842111224
"you're", 0.275842111224
"radio", 0.276269991308
"justin", 0.276433726401
"rock", 0.276636343423
"bir", 0.277230875209
"natural", 0.277230875209
"sounds", 0.277442252457
"interesting", 0.27806157975
"matt", 0.278363180892
"link", 0.278519082623
"share", 0.279304062378
"matter", 0.280336202311
"act", 0.281365390127
"pour", 0.281365390127
"simply", 0.281365390127
"att", 0.281365390127
"gpp", 0.283414959925
"syg", 0.283414959925
"pic", 0.283660122942
"sabar", 0.283886278419
"harry", 0.284639099766
"loh", 0.284639099766
"hahaha", 0.285933264632
"smart", 0.286033005415
"knows", 0.287074875007
"pink", 0.287074875007
"windows", 0.287295486857
"movies", 0.289494119102
"goodluck", 0.289494119102
"movie", 0.290588356115
"luck", 0.290856239324
"sweetie", 0.291343932526
"lad", 0.292162983634
"laughing", 0.292921837644
"laugh", 0.293489911228
"played", 0.293489911228
"bi", 0.293931115565
"xx", 0.293936476361
"chill", 0.294283682477
"teamfollowback", 0.294283682477
"hahahah", 0.295690436144
"ha", 0.296159467165
"who's", 0.296654330454
"morning", 0.296785566211
"fun", 0.296836028463
"liked", 0.29842189061
"followers", 0.298573328546
"http", 0.300898962084
"ready", 0.302075922466
"xox", 0.302243651403
"evening", 0.303183792806
"kak", 0.303671665816
"songs", 0.304112486435
"pagi", 0.304845948473
"angel", 0.30580276143
"mejor", 0.30580276143
"ade", 0.30712808476
"fantastic", 0.30712808476
"nama", 0.30712808476
"enjoying", 0.309033531336
"pretty", 0.311087175223
"album", 0.311557883757
"sigo", 0.312813155795
"san", 0.312813155795
"spending", 0.312813155795
"trending", 0.312813155795
"promise", 0.315456326209
"ladies", 0.315620849397
"som", 0.316889503281
"new", 0.31702179331
"later", 0.318018471623
"dy", 0.318405693126
"xd", 0.319513295035
"ayo", 0.319683375904
"cheese", 0.320917774697
"hahahaha", 0.321356342442
"hahaa", 0.322180008449
"yes", 0.324382198466
"var", 0.325463728527
"mate", 0.325627079559
"kiss", 0.326084041832
"memories", 0.327527012216
"yea", 0.328152465057
"song", 0.328599835825
"street", 0.328833451692
"beth", 0.329322058756
"you'll", 0.329322058756
"case", 0.330394494141
"fresh", 0.331107547695
"videos", 0.331107547695
"yup", 0.331381394856
"niall", 0.331880885431
"video", 0.334279018389
"band", 0.334650156489
"sorted", 0.334650156489
"princess", 0.338852066929
"onedirection", 0.340167981718
"jk", 0.340518008114
"cd", 0.341623979181
"mall", 0.341623979181
"fans", 0.345056354571
"respect", 0.345056354571
"love", 0.346332574577
"pussy", 0.347838155101
"best", 0.348414059181
"mother", 0.3489725825
"den", 0.349417171354
"lls", 0.350138334586
"site", 0.350138334586
"retweet", 0.350819046059
"styles", 0.35214911233
"tw", 0.353331460966
"ye", 0.356792883135
"worry", 0.358732997127
"plan", 0.358902997059
"follows", 0.360069311076
"listening", 0.362691388513
"click", 0.363849871543
"emma", 0.364921840932
"ahahaha", 0.365796223342
"star", 0.366842309289
"det", 0.367537784844
"jag", 0.368116181763
"wrote", 0.369701332143
"youtube", 0.370449420287
"bday", 0.370648610645
"ahaha", 0.371564468474
"duh", 0.372325649585
"loves", 0.374409421422
"louis", 0.374409421422
"biar", 0.376737188488
"fb", 0.377968318661
"june", 0.379047696942
"magic", 0.379047696942
"mbak", 0.379047696942
"wine", 0.379047696942
"za", 0.379465950144
"swag", 0.381516855046
"ae", 0.382791800517
"shirt", 0.384150928953
"emang", 0.384314813803
"fan", 0.387481641952
"och", 0.388120927329
"books", 0.392558831529
"aye", 0.394316020227
"maybe", 0.395403211924
"med", 0.396063071958
"sure", 0.3982823779
"yourself", 0.398376856678
"bought", 0.400291510724
"good", 0.400350456612
"posted", 0.401244274996
"secret", 0.401244274996
"join", 0.401814481821
"nhttp", 0.404649302573
"ahah", 0.404891037503
"hoes", 0.405494516856
"afternoon", 0.40729763358
"cutie", 0.412052901171
"dek", 0.415180914377
"lets", 0.416126322712
"feliz", 0.417154197286
"hai", 0.417350793422
"alright", 0.418135853498
"directioner", 0.421908740993
"c'est", 0.422351763149
"sex", 0.423613807357
"check", 0.423897007693
"shout", 0.424293020952
"order", 0.425871644523
"haha", 0.426196057993
"sudah", 0.428111861776
"bless", 0.429552121692
"https", 0.430039289729
"kasih", 0.432784267002
"cool", 0.433147300092
"coffee", 0.433636658268
"amazing", 0.434417212962
"boss", 0.434728832752
"ju", 0.436178529741
"roll", 0.436178529741
"future", 0.443669066079
"excited", 0.443892946322
"heyy", 0.444161364879
"let's", 0.446121878076
"how's", 0.447892199958
"followback", 0.448898740752
"dancing", 0.449358846446
"following", 0.449498726161
"sen", 0.449588611313
"follow", 0.449673158271
"hola", 0.450001705232
"gorgeous", 0.450276756868
"btw", 0.453888826501
"favorite", 0.457734332922
"wkwkwk", 0.458535664041
"bak", 0.45923488851
"bio", 0.46132176834
"support", 0.46217327203
"nice", 0.465359514927
"ce", 0.466808837722
"lebih", 0.468013040151
"yok", 0.469510665652
"hehehe", 0.470851337382
"np", 0.471185447172
"avi", 0.477454318605
"yeh", 0.477454318605
"favourite", 0.4826192271
"bieber", 0.484741261856
"won", 0.485795764956
"definitely", 0.489499929105
"cute", 0.491801240916
"kaka", 0.492033243106
"finally", 0.492753284499
"list", 0.493739110488
"course", 0.49428257085
"adorable", 0.497518987313
"brilliant", 0.498121209283
"yaa", 0.499919245088
"ty", 0.501110795278
"special", 0.504064975512
"we'll", 0.50698437525
"beautiful", 0.507371033664
"nf", 0.515180383437
"shall", 0.530781192008
"wale", 0.531075140147
"shoutout", 0.533745038098
"loving", 0.535131458539
"follower", 0.538916611559
"add", 0.539513119059
"yeahh", 0.541529750385
"problem", 0.543101897745
"wkwk", 0.543528795673
"bg", 0.544521795285
"aha", 0.544902568796
"birthday", 0.546878932155
"followed", 0.548474713751
"sexy", 0.549422686003
"hey", 0.55992442754
"baik", 0.573876235196
"hi", 0.574075507621
"great", 0.576845879433
"enjoy", 0.583814536594
"wo", 0.585133956014
"goodmorning", 0.589778640347
"glad", 0.590385596237
"appreciate", 0.593194471719
"happy", 0.59357568205
"lovely", 0.597108402607
"goodnight", 0.597108402607
"anytime", 0.600947738271
"subuh", 0.611318712084
"hello", 0.613151181446
"semoga", 0.61560021371
"awesome", 0.618342041828
"wonderful", 0.619096733026
"hehe", 0.630636731569
"smile", 0.635243566128
"sweet", 0.639844673013
"proud", 0.642541473073
"download", 0.675225810329
"congrats", 0.684998022244
"cheers", 0.684998022244
"park", 0.689248154109
"thanks", 0.711433408607
"gracias", 0.713450790287
"amin", 0.715977373482
"selamat", 0.736527924404
"thankyou", 0.736828980941
"yay", 0.756165079141
"thank", 0.796378236412
"blog", 0.825908128512
"d", 0.861685734937
"welcome", 0.883782755724
"p", 0.918606673656
"'d", 1.0
"ab", 1.0
"abc", 1.0
"ace", 1.0
"acting", 1.0
"action", 1.0
"adalah", 1.0
"added", 1.0
"addicted", 1.0
"adi", 1.0
"admit", 1.0
"adventure", 1.0
"advice", 1.0
"ag", 1.0
"agentenos", 1.0
"ahaa", 1.0
"ahead", 1.0
"aje", 1.0
"ajuda", 1.0
"akan", 1.0
"alexis", 1.0
"alhamdulillah", 1.0
"alice", 1.0
"alla", 1.0
"amat", 1.0
"amiin", 1.0
"andrea", 1.0
"andysamuels", 1.0
"anne", 1.0
"anniversary", 1.0
"anthony", 1.0
"appreciated", 1.0
"area", 1.0
"ari", 1.0
"ariana", 1.0
"arianagrande", 1.0
"artist", 1.0
"asian", 1.0
"assalamualaikum", 1.0
"ati", 1.0
"atlanta", 1.0
"attractive", 1.0
"austinmahone", 1.0
"available", 1.0
"avatar", 1.0
"avec", 1.0
"award", 1.0
"awwh", 1.0
"aya", 1.0
"babylux", 1.0
"baca", 1.0
"background", 1.0
"badass", 1.0
"bagus", 1.0
"bahagia", 1.0
"banana", 1.0
"banda", 1.0
"bantu", 1.0
"baseball", 1.0
"based", 1.0
"bbl", 1.0
"bbq", 1.0
"bck", 1.0
"bd", 1.0
"beans", 1.0
"bebe", 1.0
"becca", 1.0
"becky", 1.0
"begin", 1.0
"belajar", 1.0
"belieber", 1.0
"bell", 1.0
"beni", 1.0
"benim", 1.0
"berarti", 1.0
"biarin", 1.0
"biasa", 1.0
"bigtimerush", 1.0
"birds", 1.0
"bismillah", 1.0
"biz", 1.0
"blast", 1.0
"blessed", 1.0
"bn", 1.0
"bob", 1.0
"boi", 1.0
"bomb", 1.0
"bon", 1.0
"born", 1.0
"bos", 1.0
"bother", 1.0
"brand", 1.0
"brave", 1.0
"brazil", 1.0
"bre", 1.0
"brings", 1.0
"british", 1.0
"brooks", 1.0
"bsa", 1.0
"bud", 1.0
"buen", 1.0
"buka", 1.0
"buzzing", 1.0
"cal", 1.0
"callme", 1.0
"cam", 1.0
"camera", 1.0
"candy", 1.0
"cantik", 1.0
"carlyraejepsen", 1.0
"cek", 1.0
"certainly", 1.0
"cha", 1.0
"challenge", 1.0
"chan", 1.0
"che", 1.0
"checking", 1.0
"cheeky", 1.0
"cherry", 1.0
"chicago", 1.0
"chilling", 1.0
"church", 1.0
"cie", 1.0
"ck", 1.0
"claro", 1.0
"classy", 1.0
"clear", 1.0
"coco", 1.0
"comment", 1.0
"common", 1.0
"compliment", 1.0
"congratulations", 1.0
"contact", 1.0
"control", 1.0
"cooking", 1.0
"correct", 1.0
"counting", 1.0
"creative", 1.0
"credit", 1.0
"crossed", 1.0
"ctfu", 1.0
"cum", 1.0
"curly", 1.0
"curtir", 1.0
"cutest", 1.0
"daily", 1.0
"dalam", 1.0
"dankje", 1.0
"danny", 1.0
"dapat", 1.0
"darling", 1.0
"dc", 1.0
"dd", 1.0
"deffo", 1.0
"delicious", 1.0
"deo", 1.0
"depan", 1.0
"depends", 1.0
"des", 1.0
"design", 1.0
"details", 1.0
"dh", 1.0
"difference", 1.0
"dig", 1.0
"dir", 1.0
"directionerboy", 1.0
"directioners", 1.0
"diri", 1.0
"diva", 1.0
"diye", 1.0
"dk", 1.0
"dl", 1.0
"dlu", 1.0
"doll", 1.0
"donk", 1.0
"doo", 1.0
"drawing", 1.0
"drew", 1.0
"driver", 1.0
"drt", 1.0
"dtour", 1.0
"dunia", 1.0
"dw", 1.0
"dx", 1.0
"dxx", 1.0
"ea", 1.0
"edieene", 1.0
"edit", 1.0
"eleanor", 1.0
"eleanorjcalder", 1.0
"enjoyed", 1.0
"enta", 1.0
"epic", 1.0
"eres", 1.0
"euro", 1.0
"evet", 1.0
"excellent", 1.0
"exciting", 1.0
"exit", 1.0
"expect", 1.0
"fabulous", 1.0
"faith", 1.0
"fashion", 1.0
"fellow", 1.0
"female", 1.0
"fi", 1.0
"figured", 1.0
"flow", 1.0
"flowers", 1.0
"fm", 1.0
"folback", 1.0
"follback", 1.0
"france", 1.0
"freak", 1.0
"funniest", 1.0
"gaga", 1.0
"gal", 1.0
"gang", 1.0
"gapapa", 1.0
"garage", 1.0
"gas", 1.0
"gatau", 1.0
"gatecrasher", 1.0
"gaya", 1.0
"gaz", 1.0
"gb", 1.0
"gd", 1.0
"gefeliciteerd", 1.0
"gel", 1.0
"gelukkig", 1.0
"genius", 1.0
"ger", 1.0
"gezellig", 1.0
"gift", 1.0
"girly", 1.0
"gn", 1.0
"goal", 1.0
"gold", 1.0
"goodness", 1.0
"grab", 1.0
"grande", 1.0
"greatest", 1.0
"greeceneeds", 1.0
"grind", 1.0
"gtu", 1.0
"gud", 1.0
"guessing", 1.0
"guitar", 1.0
"haa", 1.0
"hahahaa", 1.0
"hahha", 1.0
"haifawehbe", 1.0
"hal", 1.0
"hall", 1.0
"halo", 1.0
"ham", 1.0
"handsome", 1.0
"happier", 1.0
"happiest", 1.0
"happiness", 1.0
"happytweet", 1.0
"hapy", 1.0
"hat", 1.0
"hbd", 1.0
"he'll", 1.0
"healthy", 1.0
"hee", 1.0
"heffrondrive", 1.0
"heh", 1.0
"heheh", 1.0
"hehehehe", 1.0
"helped", 1.0
"helping", 1.0
"helps", 1.0
"here's", 1.0
"hero", 1.0
"hha", 1.0
"hihihi", 1.0
"hii", 1.0
"hilarious", 1.0
"hiya", 1.0
"holla", 1.0
"hon", 1.0
"honest", 1.0
"hoo", 1.0
"hows", 1.0
"href", 1.0
"ht", 1.0
"html", 1.0
"hubby", 1.0
"hush", 1.0
"iansomerhalder", 1.0
"icon", 1.0
"ideas", 1.0
"iki", 1.0
"iloveyou", 1.0
"incredible", 1.0
"indah", 1.0
"ingat", 1.0
"inshallah", 1.0
"inspiration", 1.0
"interested", 1.0
"interview", 1.0
"io", 1.0
"ist", 1.0
"it'd", 1.0
"iye", 1.0
"iyi", 1.0
"iyo", 1.0
"jackwilliamgreg", 1.0
"jak", 1.0
"jan", 1.0
"janoskians", 1.0
"jasmine", 1.0
"jau", 1.0
"jayvenom", 1.0
"jb", 1.0
"jeans", 1.0
"jen", 1.0
"jennettemccurdy", 1.0
"jga", 1.0
"jls", 1.0
"jogja", 1.0
"jonas", 1.0
"jos", 1.0
"joy", 1.0
"jr", 1.0
"judge", 1.0
"jump", 1.0
"kad", 1.0
"kang", 1.0
"karna", 1.0
"kas", 1.0
"kd", 1.0
"kda", 1.0
"kece", 1.0
"kelas", 1.0
"keren", 1.0
"kerja", 1.0
"kevin", 1.0
"kidd", 1.0
"kijken", 1.0
"kindly", 1.0
"kira", 1.0
"kn", 1.0
"known", 1.0
"kung", 1.0
"kw", 1.0
"ky", 1.0
"kyle", 1.0
"lancar", 1.0
"langsung", 1.0
"language", 1.0
"latest", 1.0
"learned", 1.0
"learning", 1.0
"lek", 1.0
"lemme", 1.0
"leo", 1.0
"letter", 1.0
"leuke", 1.0
"lho", 1.0
"ligado", 1.0
"lights", 1.0
"likely", 1.0
"liking", 1.0
"listened", 1.0
"lives", 1.0
"livingthings", 1.0
"loll", 1.0
"lovee", 1.0
"lover", 1.0
"ls", 1.0
"lush", 1.0
"ma'am", 1.0
"maen", 1.0
"makasi", 1.0
"makasih", 1.0
"malik", 1.0
"malu", 1.0
"mandi", 1.0
"mani", 1.0
"manis", 1.0
"mar", 1.0
"mari", 1.0
"marry", 1.0
"martin", 1.0
"maz", 1.0
"mazzi", 1.0
"mba", 1.0
"md", 1.0
"meal", 1.0
"meek", 1.0
"memang", 1.0
"mental", 1.0
"merci", 1.0
"mhm", 1.0
"mir", 1.0
"miranda", 1.0
"mj", 1.0
"ml", 1.0
"mlm", 1.0
"mm", 1.0
"mmg", 1.0
"model", 1.0
"mon", 1.0
"monster", 1.0
"mooi", 1.0
"mp", 1.0
"muah", 1.0
"muchlove", 1.0
"musical", 1.0
"mwah", 1.0
"nahh", 1.0
"namanya", 1.0
"named", 1.0
"nandos", 1.0
"naughty", 1.0
"neng", 1.0
"nerd", 1.0
"newest", 1.0
"nfb", 1.0
"nge", 1.0
"nh", 1.0
"nialler", 1.0
"nic", 1.0
"niece", 1.0
"nieuwe", 1.0
"nikki", 1.0
"nina", 1.0
"nme", 1.0
"nnti", 1.0
"noh", 1.0
"note", 1.0
"nyc", 1.0
"obrigada", 1.0
"october", 1.0
"oficial", 1.0
"okee", 1.0
"okey", 1.0
"okie", 1.0
"ol", 1.0
"oldu", 1.0
"oleh", 1.0
"ollyofficial", 1.0
"olsun", 1.0
"olur", 1.0
"omarion", 1.0
"ona", 1.0
"oops", 1.0
"opinion", 1.0
"oppa", 1.0
"ora", 1.0
"otw", 1.0
"oui", 1.0
"outfit", 1.0
"owe", 1.0
"painting", 1.0
"par", 1.0
"pat", 1.0
"paulista", 1.0
"peeps", 1.0
"penting", 1.0
"planetjedward", 1.0
"plays", 1.0
"pleasee", 1.0
"pleasure", 1.0
"positive", 1.0
"pp", 1.0
"pre", 1.0
"price", 1.0
"productive", 1.0
"prt", 1.0
"punk", 1.0
"px", 1.0
"quality", 1.0
"questions", 1.0
"qui", 1.0
"quote", 1.0
"quotes", 1.0
"rate", 1.0
"reality", 1.0
"reckon", 1.0
"relax", 1.0
"relaxing", 1.0
"release", 1.0
"repeat", 1.0
"request", 1.0
"return", 1.0
"rf", 1.0
"rico", 1.0
"rm", 1.0
"robert", 1.0
"role", 1.0
"rp", 1.0
"rts", 1.0
"rush", 1.0
"sabes", 1.0
"saja", 1.0
"salam", 1.0
"samsung", 1.0
"sapa", 1.0
"satu", 1.0
"sayin", 1.0
"scott", 1.0
"scream", 1.0
"sdh", 1.0
"sean", 1.0
"search", 1.0
"seat", 1.0
"section", 1.0
"secute", 1.0
"seguindo", 1.0
"sehat", 1.0
"selalu", 1.0
"selena", 1.0
"semangat", 1.0
"seni", 1.0
"senin", 1.0
"senior", 1.0
"shades", 1.0
"shake", 1.0
"shan", 1.0
"sharing", 1.0
"shawty", 1.0
"shaymitch", 1.0
"she'll", 1.0
"shine", 1.0
"ship", 1.0
"shirts", 1.0
"sho", 1.0
"sholat", 1.0
"shoutouts", 1.0
"siga", 1.0
"signed", 1.0
"sii", 1.0
"simple", 1.0
"singer", 1.0
"sip", 1.0
"sk", 1.0
"ska", 1.0
"slaap", 1.0
"smiles", 1.0
"smiley", 1.0
"smiling", 1.0
"soft", 1.0
"sok", 1.0
"someday", 1.0
"someone's", 1.0
"sonra", 1.0
"spam", 1.0
"spice", 1.0
"spread", 1.0
"stalk", 1.0
"stalker", 1.0
"starbucks", 1.0
"station", 1.0
"ste", 1.0
"stfu", 1.0
"strange", 1.0
"stranger", 1.0
"strawberry", 1.0
"student", 1.0
"studio", 1.0
"stunning", 1.0
"style", 1.0
"sub", 1.0
"subway", 1.0
"success", 1.0
"sugar", 1.0
"sukses", 1.0
"sunny", 1.0
"sunshine", 1.0
"sur", 1.0
"surprise", 1.0
"surprised", 1.0
"swagg", 1.0
"sweetest", 1.0
"sweetheart", 1.0
"sy", 1.0
"taco", 1.0
"tahun", 1.0
"tal", 1.0
"talent", 1.0
"talented", 1.0
"tamam", 1.0
"tas", 1.0
"tattoos", 1.0
"tay", 1.0
"ted", 1.0
"teh", 1.0
"teman", 1.0
"tenang", 1.0
"terima", 1.0
"terimakasih", 1.0
"tgl", 1.0
"thang", 1.0
"thankss", 1.0
"thanx", 1.0
"thee", 1.0
"they'll", 1.0
"thnx", 1.0
"thomas", 1.0
"thug", 1.0
"thx", 1.0
"tie", 1.0
"tik", 1.0
"tip", 1.0
"tn", 1.0
"today's", 1.0
"toes", 1.0
"toi", 1.0
"ton", 1.0
"treat", 1.0
"tru", 1.0
"tumben", 1.0
"tune", 1.0
"tunggu", 1.0
"turns", 1.0
"turu", 1.0
"tweeps", 1.0
"twin", 1.0
"twins", 1.0
"twit", 1.0
"twitcam", 1.0
"twitcon", 1.0
"tyler", 1.0
"typepad", 1.0
"uhh", 1.0
"uhm", 1.0
"ulang", 1.0
"umm", 1.0
"und", 1.0
"une", 1.0
"unique", 1.0
"untuk", 1.0
"update", 1.0
"updates", 1.0
"ups", 1.0
"usa", 1.0
"username", 1.0
"ut", 1.0
"utk", 1.0
"uz", 1.0
"valla", 1.0
"vid", 1.0
"vip", 1.0
"vote", 1.0
"wassup", 1.0
"watchin", 1.0
"wave", 1.0
"we'd", 1.0
"web", 1.0
"weirdo", 1.0
"wes", 1.0
"whoop", 1.0
"winner", 1.0
"winning", 1.0
"wise", 1.0
"wishes", 1.0
"wk", 1.0
"wkwkw", 1.0
"wondering", 1.0
"woo", 1.0
"woohoo", 1.0
"woop", 1.0
"woot", 1.0
"workout", 1.0
"worries", 1.0
"wud", 1.0
"wyd", 1.0
"xoxoxo", 1.0
"xp", 1.0
"xstrology", 1.0
"yaay", 1.0
"yan", 1.0
"yani", 1.0
"yap", 1.0
"yar", 1.0
"yayy", 1.0
"yeaa", 1.0
"yeaah", 1.0
"yee", 1.0
"yellow", 1.0
"yer", 1.0
"yey", 1.0
"yhu", 1.0
"yle", 1.0
"yolo", 1.0
"yoo", 1.0
"yor", 1.0
"youre", 1.0
"yuk", 1.0
"yum", 1.0
"yummy", 1.0
"yupp", 1.0
"yur", 1.0
"zaman", 1.0
"zaten", 1.0
"zel", 1.0
