LastModifiedDate,LastModifiedById,Id,"object_id","object_name","object_type"
"2022-10-29T00:50:49.000+0000",005Dn000001SJlsIAG,006Dn000003n8qcIAA,006Dn000003n8qc,"Edge Emergency Generator",Opportunity
"2022-10-29T00:50:49.000+0000",005Dn000001SJlsIAG,006Dn000003n8qbIAA,006Dn000003n8qb,"United Oil Plant Standby Generators",Opportunity
"2022-10-29T00:50:49.000+0000",005Dn000001SJlsIAG,006Dn000003n8qaIAA,006Dn000003n8qa,"Grand Hotels Emergency Generators",Opportunity
"2022-10-29T00:50:49.000+0000",005Dn000001SJlsIAG,006Dn000003n8qZIAQ,006Dn000003n8qZ,"United Oil Standby Generators",Opportunity
"2022-10-29T00:50:49.000+0000",005Dn000001SJlsIAG,006Dn000003n8qYIAQ,006Dn000003n8qY,"Grand Hotels SLA",Opportunity
"2022-10-29T00:50:49.000+0000",005Dn000001SJlsIAG,006Dn000003n8qXIAQ,006Dn000003n8qX,"United Oil Emergency Generators",Opportunity
"2022-10-29T00:50:49.000+0000",005Dn000001SJlsIAG,006Dn000003n8qWIAQ,006Dn000003n8qW,"United Oil Installations",Opportunity
"2022-10-29T00:50:49.000+0000",005Dn000001SJlsIAG,006Dn000003n8qVIAQ,006Dn000003n8qV,"Burlington Textiles Weaving Plant Generator",Opportunity
"2022-10-29T00:50:49.000+0000",005Dn000001SJlsIAG,006Dn000003n8qUIAQ,006Dn000003n8qU,"University of AZ SLA",Opportunity
"2022-10-29T00:50:49.000+0000",005Dn000001SJlsIAG,006Dn000003n8qTIAQ,006Dn000003n8qT,"Express Logistics SLA",Opportunity
"2022-10-29T00:50:49.000+0000",005Dn000001SJlsIAG,006Dn000003n8qSIAQ,006Dn000003n8qS,"University of AZ Installations",Opportunity
"2022-10-29T00:50:49.000+0000",005Dn000001SJlsIAG,006Dn000003n8qRIAQ,006Dn000003n8qR,"United Oil Refinery Generators",Opportunity
"2022-10-29T00:50:49.000+0000",005Dn000001SJlsIAG,006Dn000003n8qQIAQ,006Dn000003n8qQ,"Grand Hotels Generator Installations",Opportunity
"2022-10-29T00:50:49.000+0000",005Dn000001SJlsIAG,006Dn000003n8qPIAQ,006Dn000003n8qP,"United Oil Installations",Opportunity
"2022-10-29T00:50:49.000+0000",005Dn000001SJlsIAG,006Dn000003n8qOIAQ,006Dn000003n8qO,"Edge SLA",Opportunity
"2022-10-29T00:50:49.000+0000",005Dn000001SJlsIAG,006Dn000003n8qNIAQ,006Dn000003n8qN,"Edge Installation",Opportunity
"2022-10-29T00:50:49.000+0000",005Dn000001SJlsIAG,006Dn000003n8qMIAQ,006Dn000003n8qM,"United Oil Installations",Opportunity
"2022-10-29T00:50:49.000+0000",005Dn000001SJlsIAG,006Dn000003n8qLIAQ,006Dn000003n8qL,"GenePoint SLA",Opportunity
"2022-10-29T00:50:49.000+0000",005Dn000001SJlsIAG,006Dn000003n8qKIAQ,006Dn000003n8qK,"GenePoint Lab Generators",Opportunity
"2022-10-29T00:50:49.000+0000",005Dn000001SJlsIAG,006Dn000003n8qJIAQ,006Dn000003n8qJ,"Express Logistics Portable Truck Generators",Opportunity
"2022-10-29T00:50:49.000+0000",005Dn000001SJlsIAG,006Dn000003n8qIIAQ,006Dn000003n8qI,"Pyramid Emergency Generators",Opportunity
"2022-10-29T00:50:49.000+0000",005Dn000001SJlsIAG,006Dn000003n8qHIAQ,006Dn000003n8qH,"University of AZ Portable Generators",Opportunity
"2022-10-29T00:50:49.000+0000",005Dn000001SJlsIAG,006Dn000003n8qGIAQ,006Dn000003n8qG,"Edge Emergency Generator",Opportunity
"2022-10-29T00:50:49.000+0000",005Dn000001SJlsIAG,006Dn000003n8qFIAQ,006Dn000003n8qF,"Grand Hotels Guest Portable Generators",Opportunity
"2022-10-29T00:50:49.000+0000",005Dn000001SJlsIAG,006Dn000003n8qEIAQ,006Dn000003n8qE,"United Oil SLA",Opportunity
"2022-10-29T00:50:49.000+0000",005Dn000001SJlsIAG,006Dn000003n8qDIAQ,006Dn000003n8qD,"United Oil Refinery Generators",Opportunity
"2022-10-29T00:50:49.000+0000",005Dn000001SJlsIAG,006Dn000003n8qCIAQ,006Dn000003n8qC,"Grand Hotels Kitchen Generator",Opportunity
"2022-10-29T00:50:49.000+0000",005Dn000001SJlsIAG,006Dn000003n8qBIAQ,006Dn000003n8qB,"GenePoint Standby Generator",Opportunity
"2022-10-29T00:50:49.000+0000",005Dn000001SJlsIAG,006Dn000003n8qAIAQ,006Dn000003n8qA,"Express Logistics Standby Generator",Opportunity
"2022-10-29T00:50:49.000+0000",005Dn000001SJlsIAG,006Dn000003n8q9IAA,006Dn000003n8q9,"United Oil Office Portable Generators",Opportunity
"2022-10-29T00:50:49.000+0000",005Dn000001SJlsIAG,006Dn000003n8q8IAA,006Dn000003n8q8,"Dickenson Mobile Generators",Opportunity
